#
# A fatal error has been detected by the Java Runtime Environment:
#
#  SIGSEGV (0xb) at pc=0x0000797d182352d6, pid=35541, tid=35556
#
# JRE version: OpenJDK Runtime Environment (17.0.18+8) (build 17.0.18+8-Ubuntu-124.04.1)
# Java VM: OpenJDK 64-Bit Server VM (17.0.18+8-Ubuntu-124.04.1, mixed mode, emulated-client, sharing, tiered, compressed oops, compressed class ptrs, g1 gc, linux-amd64)
# Problematic frame:
# V  [libjvm.so+0x6352d6]  DependencyContext::remove_dependent_nmethod(nmethod*)+0x1e6
#
# Core dump will be written. Default location: Core dumps may be processed with "/usr/share/apport/apport -p%p -s%s -c%c -d%d -P%P -u%u -g%g -F%F -- %E" (or dumping to /home/lap/Desktop/01blog.tar/01blog.tar./01blog/01blog/core.35541)
#
# If you would like to submit a bug report, please visit:
#   https://bugs.launchpad.net/ubuntu/+source/openjdk-17
#

---------------  S U M M A R Y ------------

Command Line: -XX:TieredStopAtLevel=1 com._Talent._blog.Application

Host: Intel(R) Core(TM) i5-4310U CPU @ 2.00GHz, 4 cores, 7G, Ubuntu 24.04.3 LTS
Time: Sun Feb  8 18:03:33 2026 +01 elapsed time: 12847.436716 seconds (0d 3h 34m 7s)

---------------  T H R E A D  ---------------

Current thread (0x0000797d10127080):  JavaThread "Sweeper thread" daemon [_thread_in_vm, id=35556, stack(0x0000797d00500000,0x0000797d00600000)]

Stack: [0x0000797d00500000,0x0000797d00600000],  sp=0x0000797d005fea00,  free space=1018k
Native frames: (J=compiled Java code, j=interpreted, Vv=VM code, C=native code)
V  [libjvm.so+0x6352d6]  DependencyContext::remove_dependent_nmethod(nmethod*)+0x1e6
V  [libjvm.so+0x80fb6b]  InstanceKlass::remove_dependent_nmethod(nmethod*)+0x2b
V  [libjvm.so+0xc00a79]  nmethod::flush_dependencies(bool) [clone .part.0]+0x69
V  [libjvm.so+0xc016b4]  nmethod::make_not_entrant_or_zombie(int) [clone .part.0]+0x354
V  [libjvm.so+0xe5b153]  NMethodSweeper::process_compiled_method(CompiledMethod*)+0xb3
V  [libjvm.so+0xe5b6ec]  NMethodSweeper::sweep_code_cache()+0x1fc
V  [libjvm.so+0xe5bf00]  NMethodSweeper::sweep()+0x60
V  [libjvm.so+0xe5c326]  NMethodSweeper::sweeper_loop()+0x126
V  [libjvm.so+0xebce47]  JavaThread::thread_main_inner()+0x1b7
V  [libjvm.so+0xec0c19]  Thread::call_run()+0xa9
V  [libjvm.so+0xc4255b]  thread_native_entry(Thread*)+0xeb
C  [libc.so.6+0x9caa4]


siginfo: si_signo: 11 (SIGSEGV), si_code: 1 (SEGV_MAPERR), si_addr: 0x0000000101500034

Registers:
RAX=0x0000797c8c281738, RBX=0x0000000101500034, RCX=0x0000797cac057780, RDX=0x0000797d18f001fc
RSP=0x0000797d005fea00, RBP=0x0000797d005fea40, RSI=0x0000797d15729790, RDI=0x0000797d15729790
R8 =0x0000000000000000, R9 =0x0000797d15729af9, R10=0x0000000000000009, R11=0x0000000000000002
R12=0x0000797c8c281740, R13=0x0000797c8c281740, R14=0x0000797d005fea50, R15=0x0000797c8c281730
RIP=0x0000797d182352d6, EFLAGS=0x0000000000010202, CSGSFS=0x002b000000000033, ERR=0x0000000000000004
  TRAPNO=0x000000000000000e

XMM[0]=0x0000000000000000 0x0000000000000000
XMM[1]=0x0000000000000000 0x0000797d005fe9b0
XMM[2]=0x0000797d005fe9b0 0x0000797d18e595c0
XMM[3]=0x0000000000000000 0x41431d8000000000
XMM[4]=0x0000797d005fea50 0x0000797d18e59618
XMM[5]=0x0000000000000000 0x0000797d18e59760
XMM[6]=0x0000797d10127650 0x0000797d10127640
XMM[7]=0x0000797d10127650 0x0000797d10127640
XMM[8]=0x7c8b483824448b4c 0x30244c8b4c282454
XMM[9]=0x0f0e220d0e13150f 0x0e22121204020220
XMM[10]=0x050415081304090f 0x281504063e13040d
XMM[11]=0x240ca1cc0fc19dc6 0xefbe4786e49b69c1
XMM[12]=0xc19bf1749bdc06a7 0x80deb1fe72be5d74
XMM[13]=0x550c7dc3243185be 0x12835b01d807aa98
XMM[14]=0xab1c5ed5923f82a4 0x59f111f13956c25b
XMM[15]=0x0000000000000000 0x0000000000000000
  MXCSR=0x00001fa0


Register to memory mapping:

RAX=0x0000797c8c281738 points into unknown readable memory: 0x0000797c00000000 | 00 00 00 00 7c 79 00 00
RBX=0x0000000101500034 is an unknown value
RCX=0x0000797cac057780 is pointing into metadata
RDX=0x0000797d18f001fc: <offset 0x00000000013001fc> in /usr/lib/jvm/java-17-openjdk-amd64/lib/server/libjvm.so at 0x0000797d17c00000
RSP=0x0000797d005fea00 is pointing into the stack for thread: 0x0000797d10127080
RBP=0x0000797d005fea40 is pointing into the stack for thread: 0x0000797d10127080
RSI=0x0000797d15729790 is at entry_point+-432 in (nmethod*)0x0000797d15729790
Compiled method (c1) 12847440 12685       1       sun.reflect.generics.factory.CoreReflectionFactory::findTypeVariable (11 bytes)
 total in heap  [0x0000797d15729790,0x0000797d15729b10] = 896
 relocation     [0x0000797d157298f0,0x0000797d15729928] = 56
 main code      [0x0000797d15729940,0x0000797d15729a20] = 224
 stub code      [0x0000797d15729a20,0x0000797d15729a60] = 64
 metadata       [0x0000797d15729a60,0x0000797d15729a90] = 48
 scopes data    [0x0000797d15729a90,0x0000797d15729aa0] = 16
 scopes pcs     [0x0000797d15729aa0,0x0000797d15729af0] = 80
 dependencies   [0x0000797d15729af0,0x0000797d15729b00] = 16
 nul chk table  [0x0000797d15729b00,0x0000797d15729b10] = 16
RDI=0x0000797d15729790 is at entry_point+-432 in (nmethod*)0x0000797d15729790
Compiled method (c1) 12847440 12685       1       sun.reflect.generics.factory.CoreReflectionFactory::findTypeVariable (11 bytes)
 total in heap  [0x0000797d15729790,0x0000797d15729b10] = 896
 relocation     [0x0000797d157298f0,0x0000797d15729928] = 56
 main code      [0x0000797d15729940,0x0000797d15729a20] = 224
 stub code      [0x0000797d15729a20,0x0000797d15729a60] = 64
 metadata       [0x0000797d15729a60,0x0000797d15729a90] = 48
 scopes data    [0x0000797d15729a90,0x0000797d15729aa0] = 16
 scopes pcs     [0x0000797d15729aa0,0x0000797d15729af0] = 80
 dependencies   [0x0000797d15729af0,0x0000797d15729b00] = 16
 nul chk table  [0x0000797d15729b00,0x0000797d15729b10] = 16
R8 =0x0 is NULL
R9 =0x0000797d15729af9 is at entry_point+441 in (nmethod*)0x0000797d15729790
Compiled method (c1) 12847440 12685       1       sun.reflect.generics.factory.CoreReflectionFactory::findTypeVariable (11 bytes)
 total in heap  [0x0000797d15729790,0x0000797d15729b10] = 896
 relocation     [0x0000797d157298f0,0x0000797d15729928] = 56
 main code      [0x0000797d15729940,0x0000797d15729a20] = 224
 stub code      [0x0000797d15729a20,0x0000797d15729a60] = 64
 metadata       [0x0000797d15729a60,0x0000797d15729a90] = 48
 scopes data    [0x0000797d15729a90,0x0000797d15729aa0] = 16
 scopes pcs     [0x0000797d15729aa0,0x0000797d15729af0] = 80
 dependencies   [0x0000797d15729af0,0x0000797d15729b00] = 16
 nul chk table  [0x0000797d15729b00,0x0000797d15729b10] = 16
R10=0x0000000000000009 is an unknown value
R11=0x0000000000000002 is an unknown value
R12=0x0000797c8c281740 points into unknown readable memory: 0x0000000101500034 | 34 00 50 01 01 00 00 00
R13=0x0000797c8c281740 points into unknown readable memory: 0x0000000101500034 | 34 00 50 01 01 00 00 00
R14=0x0000797d005fea50 is pointing into the stack for thread: 0x0000797d10127080
R15=0x0000797c8c281730 points into unknown readable memory: 0x0000797d15729790 | 90 97 72 15 7d 79 00 00


Top of Stack: (sp=0x0000797d005fea00)
0x0000797d005fea00:   0000797d15729a20 0000797d15729790
0x0000797d005fea10:   0000797d15729a20 0000797d005fea70
0x0000797d005fea20:   0000797d15729790 0000000000000000
0x0000797d005fea30:   000000001802c201 0000000000002a24
0x0000797d005fea40:   0000797d005fea60 0000797d1840fb6b
0x0000797d005fea50:   0000797cac057780 0000797cac057788
0x0000797d005fea60:   0000797d005feac0 0000797d18800a79
0x0000797d005fea70:   0000797d15729790 0000000000000000
0x0000797d005fea80:   0000797d15729af0 0000797d0000000a
0x0000797d005fea90:   0000000300000006 0000000300000006
0x0000797d005feaa0:   0000797d00000005 0000797d187fb16a
0x0000797d005feab0:   0000797d15729790 0000797d100163c0
0x0000797d005feac0:   0000797d005feb20 0000797d188016b4
0x0000797d005fead0:   000000000000000c 0000797d00000000
0x0000797d005feae0:   0000797d15729790 0000797d10127080
0x0000797d005feaf0:   0000797d100163c0 0000000000000190
0x0000797d005feb00:   0000797d15729790 0000797d10127080
0x0000797d005feb10:   0000797d100163c0 0000000000000190
0x0000797d005feb20:   0000797d005feb40 0000797d18a5b153
0x0000797d005feb30:   0000797d18f6a200 0000797d15729790
0x0000797d005feb40:   0000797d005fecc0 0000797d18a5b6ec
0x0000797d005feb50:   00000000005fed50 0000797d10017958
0x0000797d005feb60:   0000797d10127640 0000797d10127650
0x0000797d005feb70:   00000000000003d8 0000797d10127a28
0x0000797d005feb80:   0000797d10127640 0000797d18039300
0x0000797d005feb90:   0000797d10127600 0000797d10127650
0x0000797d005feba0:   00000baf41a22a02 00000e3de96993df
0x0000797d005febb0:   0000797d100163c0 0000000000000000
0x0000797d005febc0:   0000000000002832 0000797d00000000
0x0000797d005febd0:   0000797d00000001 0000000000000000
0x0000797d005febe0:   0000797d100164b4 0000797d005fec00
0x0000797d005febf0:   0000000000000004 0000797d18c4f1a8 

Instructions: (pc=0x0000797d182352d6)
0x0000797d182351d6:   05 05 c2 cc 00 80 38 00 74 a8 48 8b 05 a9 83 d0
0x0000797d182351e6:   00 48 8b 40 28 48 83 00 01 eb 97 0f 1f 80 00 00
0x0000797d182351f6:   00 00 48 8b 0d 79 83 d0 00 48 89 4b 18 48 89 c8
0x0000797d18235206:   f0 49 0f b1 5d 00 48 39 c1 75 e7 48 8d 05 c8 c1
0x0000797d18235216:   cc 00 80 38 00 0f 84 67 ff ff ff 48 8b 05 60 83
0x0000797d18235226:   d0 00 48 8b 40 28 48 83 00 01 48 8b 05 49 83 d0
0x0000797d18235236:   00 48 8b 40 28 48 83 00 01 e9 44 ff ff ff 0f 1f
0x0000797d18235246:   40 00 4d 89 fc 49 89 df 48 8b 45 c8 49 39 07 0f
0x0000797d18235256:   85 25 ff ff ff 49 8d 47 08 41 b8 ff ff ff ff f0
0x0000797d18235266:   44 0f c1 00 41 83 e8 01 0f 88 b6 00 00 00 0f 85
0x0000797d18235276:   d6 fe ff ff 4d 8d 6f 10 4d 85 e4 74 43 0f 1f 44
0x0000797d18235286:   00 00 49 8b 5f 10 48 85 db 74 7e 48 8b 3b 48 8b
0x0000797d18235296:   07 ff 90 20 02 00 00 84 c0 74 6e 48 8b 4b 10 49
0x0000797d182352a6:   8b 47 10 48 39 c3 75 da 48 89 d8 f0 49 0f b1 4d
0x0000797d182352b6:   00 48 39 c3 75 cc 48 89 df e8 9c f9 ff ff eb c2
0x0000797d182352c6:   4d 89 ec 49 8b 5f 10 48 85 db 0f 84 95 00 00 00
0x0000797d182352d6:   48 8b 3b 48 8b 07 ff 90 20 02 00 00 84 c0 0f 84
0x0000797d182352e6:   81 00 00 00 48 8b 4b 10 49 8b 47 10 48 39 c3 75
0x0000797d182352f6:   d2 48 89 d8 f0 49 0f b1 0c 24 48 39 c3 75 c4 48
0x0000797d18235306:   89 df e8 53 f9 ff ff eb ba 49 89 5c 24 10 48 83
0x0000797d18235316:   c4 18 4c 89 ff 5b 41 5c 41 5d 41 5e 41 5f 5d e9
0x0000797d18235326:   36 f9 ff ff 48 8d 05 17 b0 cc 00 48 8d 0d 7f a7
0x0000797d18235336:   99 00 48 8d 15 86 a7 99 00 be 99 00 00 00 48 8d
0x0000797d18235346:   3d f5 62 9d 00 48 8b 00 c6 00 58 31 c0 e8 78 9b
0x0000797d18235356:   fd ff 48 83 c4 18 5b 41 5c 41 5d 41 5e 41 5f 5d
0x0000797d18235366:   e9 45 80 60 00 49 8b 06 48 89 18 eb a1 90 66 66
0x0000797d18235376:   2e 0f 1f 84 00 00 00 00 00 90 f3 0f 1e fa 55 48
0x0000797d18235386:   89 e5 41 54 53 48 8b 1d e6 81 d0 00 48 85 db 74
0x0000797d18235396:   2a 45 31 e4 66 0f 1f 44 00 00 48 89 df 48 8b 5b
0x0000797d182353a6:   18 41 83 c4 01 e8 10 e9 d8 ff 48 85 db 75 eb 48
0x0000797d182353b6:   8d 05 24 c0 cc 00 80 38 00 75 17 48 c7 05 ac 81
0x0000797d182353c6:   d0 00 00 00 00 00 5b 41 5c 5d c3 0f 1f 80 00 00 


Stack slot to memory mapping:
stack at sp + 0 slots: 0x0000797d15729a20 is at entry_point+224 in (nmethod*)0x0000797d15729790
Compiled method (c1) 12847442 12685       1       sun.reflect.generics.factory.CoreReflectionFactory::findTypeVariable (11 bytes)
 total in heap  [0x0000797d15729790,0x0000797d15729b10] = 896
 relocation     [0x0000797d157298f0,0x0000797d15729928] = 56
 main code      [0x0000797d15729940,0x0000797d15729a20] = 224
 stub code      [0x0000797d15729a20,0x0000797d15729a60] = 64
 metadata       [0x0000797d15729a60,0x0000797d15729a90] = 48
 scopes data    [0x0000797d15729a90,0x0000797d15729aa0] = 16
 scopes pcs     [0x0000797d15729aa0,0x0000797d15729af0] = 80
 dependencies   [0x0000797d15729af0,0x0000797d15729b00] = 16
 nul chk table  [0x0000797d15729b00,0x0000797d15729b10] = 16
stack at sp + 1 slots: 0x0000797d15729790 is at entry_point+-432 in (nmethod*)0x0000797d15729790
Compiled method (c1) 12847442 12685       1       sun.reflect.generics.factory.CoreReflectionFactory::findTypeVariable (11 bytes)
 total in heap  [0x0000797d15729790,0x0000797d15729b10] = 896
 relocation     [0x0000797d157298f0,0x0000797d15729928] = 56
 main code      [0x0000797d15729940,0x0000797d15729a20] = 224
 stub code      [0x0000797d15729a20,0x0000797d15729a60] = 64
 metadata       [0x0000797d15729a60,0x0000797d15729a90] = 48
 scopes data    [0x0000797d15729a90,0x0000797d15729aa0] = 16
 scopes pcs     [0x0000797d15729aa0,0x0000797d15729af0] = 80
 dependencies   [0x0000797d15729af0,0x0000797d15729b00] = 16
 nul chk table  [0x0000797d15729b00,0x0000797d15729b10] = 16
stack at sp + 2 slots: 0x0000797d15729a20 is at entry_point+224 in (nmethod*)0x0000797d15729790
Compiled method (c1) 12847442 12685       1       sun.reflect.generics.factory.CoreReflectionFactory::findTypeVariable (11 bytes)
 total in heap  [0x0000797d15729790,0x0000797d15729b10] = 896
 relocation     [0x0000797d157298f0,0x0000797d15729928] = 56
 main code      [0x0000797d15729940,0x0000797d15729a20] = 224
 stub code      [0x0000797d15729a20,0x0000797d15729a60] = 64
 metadata       [0x0000797d15729a60,0x0000797d15729a90] = 48
 scopes data    [0x0000797d15729a90,0x0000797d15729aa0] = 16
 scopes pcs     [0x0000797d15729aa0,0x0000797d15729af0] = 80
 dependencies   [0x0000797d15729af0,0x0000797d15729b00] = 16
 nul chk table  [0x0000797d15729b00,0x0000797d15729b10] = 16
stack at sp + 3 slots: 0x0000797d005fea70 is pointing into the stack for thread: 0x0000797d10127080
stack at sp + 4 slots: 0x0000797d15729790 is at entry_point+-432 in (nmethod*)0x0000797d15729790
Compiled method (c1) 12847442 12685       1       sun.reflect.generics.factory.CoreReflectionFactory::findTypeVariable (11 bytes)
 total in heap  [0x0000797d15729790,0x0000797d15729b10] = 896
 relocation     [0x0000797d157298f0,0x0000797d15729928] = 56
 main code      [0x0000797d15729940,0x0000797d15729a20] = 224
 stub code      [0x0000797d15729a20,0x0000797d15729a60] = 64
 metadata       [0x0000797d15729a60,0x0000797d15729a90] = 48
 scopes data    [0x0000797d15729a90,0x0000797d15729aa0] = 16
 scopes pcs     [0x0000797d15729aa0,0x0000797d15729af0] = 80
 dependencies   [0x0000797d15729af0,0x0000797d15729b00] = 16
 nul chk table  [0x0000797d15729b00,0x0000797d15729b10] = 16
stack at sp + 5 slots: 0x0 is NULL
stack at sp + 6 slots: 0x000000001802c201 is an unknown value
stack at sp + 7 slots: 0x0000000000002a24 is an unknown value


---------------  P R O C E S S  ---------------

Threads class SMR info:
_java_thread_list=0x0000797c8c478760, length=63, elements={
0x0000797d1011b560, 0x0000797d1011c950, 0x0000797d10121ed0, 0x0000797d10123290,
0x0000797d101246b0, 0x0000797d10125bf0, 0x0000797d10127080, 0x0000797d10136e10,
0x0000797d1013a9d0, 0x0000797c6d9e81d0, 0x0000797d1001a610, 0x0000797c70039550,
0x0000797c70039ac0, 0x0000797c700462f0, 0x0000797c7003e790, 0x0000797c7003ed00,
0x0000797c7003f710, 0x0000797c70046a70, 0x0000797c70047d10, 0x0000797c70048f50,
0x0000797c70034ea0, 0x0000797c70036290, 0x0000797c700374e0, 0x0000797c700104f0,
0x0000797c7c008db0, 0x0000797c5017f1b0, 0x0000797c5010f8b0, 0x0000797c50188540,
0x0000797c700746c0, 0x0000797c7006bda0, 0x0000797c7006b180, 0x0000797c70079d30,
0x0000797c9409a460, 0x0000797c940fc490, 0x0000797c94093630, 0x0000797c4c0b61a0,
0x0000797c4c0b3e30, 0x0000797c4c020200, 0x0000797c4c0b6790, 0x0000797c4c025850,
0x0000797c4c0c83b0, 0x0000797c4c0582e0, 0x0000797c4c00b6f0, 0x0000797c7009b180,
0x0000797c9c026d10, 0x0000797c9c032e20, 0x0000797cf812b6b0, 0x0000797c9c0334a0,
0x0000797c9c035fc0, 0x0000797c9c0369e0, 0x0000797c9c0375e0, 0x0000797c9c0381f0,
0x0000797c9c038e00, 0x0000797c9c039b00, 0x0000797c9c03a540, 0x0000797c9c03b4e0,
0x0000797c9c03c500, 0x0000797c9c03d530, 0x0000797c9c03e650, 0x0000797c9c042790,
0x0000797c9c0438c0, 0x0000797c8c3bc100, 0x0000797c8c3bc760
}
_to_delete_list=0x0000797cf406c980, length=61, elements={
0x0000797d1011b560, 0x0000797d1011c950, 0x0000797d10121ed0, 0x0000797d10123290,
0x0000797d101246b0, 0x0000797d10125bf0, 0x0000797d10127080, 0x0000797d10136e10,
0x0000797d1013a9d0, 0x0000797c6d9e81d0, 0x0000797d1001a610, 0x0000797c70039550,
0x0000797c70039ac0, 0x0000797c700462f0, 0x0000797c7003e790, 0x0000797c7003ed00,
0x0000797c7003f710, 0x0000797c70046a70, 0x0000797c70047d10, 0x0000797c70048f50,
0x0000797c70034ea0, 0x0000797c70036290, 0x0000797c700374e0, 0x0000797c700104f0,
0x0000797c7c008db0, 0x0000797c5017f1b0, 0x0000797c5010f8b0, 0x0000797c50188540,
0x0000797c700746c0, 0x0000797c7006bda0, 0x0000797c7006b180, 0x0000797c70079d30,
0x0000797c9409a460, 0x0000797c940fc490, 0x0000797c94093630, 0x0000797c4c0b61a0,
0x0000797c4c0b3e30, 0x0000797c4c020200, 0x0000797c4c0b6790, 0x0000797c4c025850,
0x0000797c4c0c83b0, 0x0000797c4c0582e0, 0x0000797c4c00b6f0, 0x0000797c7009b180,
0x0000797c9c026d10, 0x0000797c9c032e20, 0x0000797cf812b6b0, 0x0000797c9c0334a0,
0x0000797c9c035fc0, 0x0000797c9c0369e0, 0x0000797c9c0375e0, 0x0000797c9c0381f0,
0x0000797c9c038e00, 0x0000797c9c039b00, 0x0000797c9c03a540, 0x0000797c9c03b4e0,
0x0000797c9c03c500, 0x0000797c9c03d530, 0x0000797c9c03e650, 0x0000797c9c042790,
0x0000797c9c0438c0
}

Java Threads: ( => current thread )
  0x0000797d1011b560 JavaThread "Reference Handler" daemon [_thread_blocked, id=35550, stack(0x0000797d01128000,0x0000797d01228000)]
  0x0000797d1011c950 JavaThread "Finalizer" daemon [_thread_blocked, id=35551, stack(0x0000797d01028000,0x0000797d01128000)]
  0x0000797d10121ed0 JavaThread "Signal Dispatcher" daemon [_thread_blocked, id=35552, stack(0x0000797d00900000,0x0000797d00a00000)]
  0x0000797d10123290 JavaThread "Service Thread" daemon [_thread_blocked, id=35553, stack(0x0000797d00800000,0x0000797d00900000)]
  0x0000797d101246b0 JavaThread "Monitor Deflation Thread" daemon [_thread_blocked, id=35554, stack(0x0000797d00700000,0x0000797d00800000)]
  0x0000797d10125bf0 JavaThread "C1 CompilerThread0" daemon [_thread_blocked, id=35555, stack(0x0000797d00600000,0x0000797d00700000)]
=>0x0000797d10127080 JavaThread "Sweeper thread" daemon [_thread_in_vm, id=35556, stack(0x0000797d00500000,0x0000797d00600000)]
  0x0000797d10136e10 JavaThread "Notification Thread" daemon [_thread_blocked, id=35557, stack(0x0000797d00400000,0x0000797d00500000)]
  0x0000797d1013a9d0 JavaThread "Common-Cleaner" daemon [_thread_blocked, id=35559, stack(0x0000797d001ff000,0x0000797d002ff000)]
  0x0000797c6d9e81d0 JavaThread "Live Reload Server" daemon [_thread_in_native, id=35624, stack(0x0000797ca60fd000,0x0000797ca61fd000)]
  0x0000797d1001a610 JavaThread "DestroyJavaVM" [_thread_blocked, id=35542, stack(0x0000797d17700000,0x0000797d17800000)]
  0x0000797c70039550 JavaThread "File Watcher" daemon [_thread_blocked, id=60756, stack(0x0000797ca54fd000,0x0000797ca55fd000)]
  0x0000797c70039ac0 JavaThread "File Watcher" daemon [_thread_blocked, id=60799, stack(0x0000797ca5bfd000,0x0000797ca5cfd000)]
  0x0000797c700462f0 JavaThread "File Watcher" daemon [_thread_blocked, id=60824, stack(0x0000797ca5ffd000,0x0000797ca60fd000)]
  0x0000797c7003e790 JavaThread "File Watcher" daemon [_thread_blocked, id=60839, stack(0x0000797ca5dfd000,0x0000797ca5efd000)]
  0x0000797c7003ed00 JavaThread "File Watcher" daemon [_thread_blocked, id=60922, stack(0x0000797ca64fd000,0x0000797ca65fd000)]
  0x0000797c7003f710 JavaThread "File Watcher" daemon [_thread_blocked, id=60958, stack(0x0000797ca58fd000,0x0000797ca59fd000)]
  0x0000797c70046a70 JavaThread "File Watcher" daemon [_thread_blocked, id=60983, stack(0x0000797ca69fe000,0x0000797ca6afe000)]
  0x0000797c70047d10 JavaThread "File Watcher" daemon [_thread_blocked, id=61017, stack(0x0000797ca6afe000,0x0000797ca6bfe000)]
  0x0000797c70048f50 JavaThread "File Watcher" daemon [_thread_blocked, id=61067, stack(0x0000797ca62fd000,0x0000797ca63fd000)]
  0x0000797c70034ea0 JavaThread "File Watcher" daemon [_thread_blocked, id=61093, stack(0x0000797ca57fd000,0x0000797ca58fd000)]
  0x0000797c70036290 JavaThread "File Watcher" daemon [_thread_blocked, id=61133, stack(0x0000797ca5afd000,0x0000797ca5bfd000)]
  0x0000797c700374e0 JavaThread "File Watcher" daemon [_thread_blocked, id=61157, stack(0x0000797ca59fd000,0x0000797ca5afd000)]
  0x0000797c700104f0 JavaThread "File Watcher" daemon [_thread_blocked, id=61224, stack(0x0000797ca6dff000,0x0000797ca6eff000)]
  0x0000797c7c008db0 JavaThread "File Watcher" daemon [_thread_blocked, id=61351, stack(0x0000797ca6cff000,0x0000797ca6dff000)]
  0x0000797c5017f1b0 JavaThread "File Watcher" daemon [_thread_blocked, id=61963, stack(0x0000797ca5efd000,0x0000797ca5ffd000)]
  0x0000797c5010f8b0 JavaThread "File Watcher" daemon [_thread_blocked, id=62001, stack(0x0000797ca53fd000,0x0000797ca54fd000)]
  0x0000797c50188540 JavaThread "File Watcher" daemon [_thread_blocked, id=62021, stack(0x0000797ca4dfd000,0x0000797ca4efd000)]
  0x0000797c700746c0 JavaThread "File Watcher" daemon [_thread_blocked, id=65297, stack(0x0000797ca61fd000,0x0000797ca62fd000)]
  0x0000797c7006bda0 JavaThread "File Watcher" daemon [_thread_blocked, id=65338, stack(0x0000797ca49fd000,0x0000797ca4afd000)]
  0x0000797c7006b180 JavaThread "File Watcher" daemon [_thread_blocked, id=65344, stack(0x0000797ca4efd000,0x0000797ca4ffd000)]
  0x0000797c70079d30 JavaThread "File Watcher" daemon [_thread_blocked, id=65382, stack(0x0000797ca66fd000,0x0000797ca67fd000)]
  0x0000797c9409a460 JavaThread "File Watcher" daemon [_thread_blocked, id=65571, stack(0x0000797ca55fd000,0x0000797ca56fd000)]
  0x0000797c940fc490 JavaThread "File Watcher" daemon [_thread_blocked, id=65599, stack(0x0000797ca5cfd000,0x0000797ca5dfd000)]
  0x0000797c94093630 JavaThread "File Watcher" daemon [_thread_blocked, id=65610, stack(0x0000797ca4cfd000,0x0000797ca4dfd000)]
  0x0000797c4c0b61a0 JavaThread "File Watcher" daemon [_thread_blocked, id=92197, stack(0x0000797ca48fd000,0x0000797ca49fd000)]
  0x0000797c4c0b3e30 JavaThread "File Watcher" daemon [_thread_blocked, id=92242, stack(0x0000797ca46fd000,0x0000797ca47fd000)]
  0x0000797c4c020200 JavaThread "File Watcher" daemon [_thread_blocked, id=92266, stack(0x0000797ca43fd000,0x0000797ca44fd000)]
  0x0000797c4c0b6790 JavaThread "File Watcher" daemon [_thread_blocked, id=92300, stack(0x0000797ca44fd000,0x0000797ca45fd000)]
  0x0000797c4c025850 JavaThread "File Watcher" daemon [_thread_blocked, id=92322, stack(0x0000797ca50fd000,0x0000797ca51fd000)]
  0x0000797c4c0c83b0 JavaThread "File Watcher" daemon [_thread_blocked, id=92386, stack(0x0000797ca45fd000,0x0000797ca46fd000)]
  0x0000797c4c0582e0 JavaThread "File Watcher" daemon [_thread_blocked, id=92440, stack(0x0000797ca4afd000,0x0000797ca4bfd000)]
  0x0000797c4c00b6f0 JavaThread "File Watcher" daemon [_thread_blocked, id=92509, stack(0x0000797c3bd00000,0x0000797c3be00000)]
  0x0000797c7009b180 JavaThread "PostgreSQL-JDBC-Cleaner" daemon [_thread_blocked, id=92966, stack(0x0000797ca41fd000,0x0000797ca42fd000)]
  0x0000797c9c026d10 JavaThread "HikariPool-100:housekeeper" daemon [_thread_blocked, id=94732, stack(0x0000797ca42fd000,0x0000797ca43fd000)]
  0x0000797c9c032e20 JavaThread "Catalina-utility-1" [_thread_blocked, id=94739, stack(0x0000797ca65fd000,0x0000797ca66fd000)]
  0x0000797cf812b6b0 JavaThread "Catalina-utility-2" [_thread_blocked, id=94740, stack(0x0000797c3be00000,0x0000797c3bf00000)]
  0x0000797c9c0334a0 JavaThread "container-32" [_thread_blocked, id=94741, stack(0x0000797c3bb00000,0x0000797c3bc00000)]
  0x0000797c9c035fc0 JavaThread "File Watcher" daemon [_thread_blocked, id=94746, stack(0x0000797ca4bfd000,0x0000797ca4cfd000)]
  0x0000797c9c0369e0 JavaThread "http-nio-8080-exec-1" daemon [_thread_blocked, id=94747, stack(0x0000797c3b500000,0x0000797c3b600000)]
  0x0000797c9c0375e0 JavaThread "http-nio-8080-exec-2" daemon [_thread_blocked, id=94748, stack(0x0000797ca51fd000,0x0000797ca52fd000)]
  0x0000797c9c0381f0 JavaThread "http-nio-8080-exec-3" daemon [_thread_blocked, id=94749, stack(0x0000797c3b700000,0x0000797c3b800000)]
  0x0000797c9c038e00 JavaThread "http-nio-8080-exec-4" daemon [_thread_blocked, id=94750, stack(0x0000797ca63fd000,0x0000797ca64fd000)]
  0x0000797c9c039b00 JavaThread "http-nio-8080-exec-5" daemon [_thread_blocked, id=94751, stack(0x0000797ca4ffd000,0x0000797ca50fd000)]
  0x0000797c9c03a540 JavaThread "http-nio-8080-exec-6" daemon [_thread_blocked, id=94752, stack(0x0000797c3b400000,0x0000797c3b500000)]
  0x0000797c9c03b4e0 JavaThread "http-nio-8080-exec-7" daemon [_thread_blocked, id=94753, stack(0x0000797ca47fd000,0x0000797ca48fd000)]
  0x0000797c9c03c500 JavaThread "http-nio-8080-exec-8" daemon [_thread_blocked, id=94754, stack(0x0000797ca40fd000,0x0000797ca41fd000)]
  0x0000797c9c03d530 JavaThread "http-nio-8080-exec-9" daemon [_thread_blocked, id=94755, stack(0x0000797c3b800000,0x0000797c3b900000)]
  0x0000797c9c03e650 JavaThread "http-nio-8080-exec-10" daemon [_thread_blocked, id=94756, stack(0x0000797c3b900000,0x0000797c3ba00000)]
  0x0000797c9c042790 JavaThread "http-nio-8080-Poller" daemon [_thread_in_native, id=94757, stack(0x0000797c3ba00000,0x0000797c3bb00000)]
  0x0000797c9c0438c0 JavaThread "http-nio-8080-Acceptor" daemon [_thread_in_native, id=94758, stack(0x0000797ca52fd000,0x0000797ca53fd000)]
  0x0000797c8c3bc100 JavaThread "C1 CompilerThread1" daemon [_thread_in_vm, id=103425, stack(0x0000797c3bc00000,0x0000797c3bd00000)]
  0x0000797c8c3bc760 JavaThread "C1 CompilerThread2" daemon [_thread_blocked, id=103426, stack(0x0000797ca56fd000,0x0000797ca57fd000)]

Other Threads:
  0x0000797d10117570 VMThread "VM Thread" [stack: 0x0000797d01229000,0x0000797d01329000] [id=35549]
  0x0000797d10138770 WatcherThread [stack: 0x0000797d00300000,0x0000797d00400000] [id=35558]
  0x0000797d10073ef0 GCTaskThread "GC Thread#0" [stack: 0x0000797d140fc000,0x0000797d141fc000] [id=35543]
  0x0000797ca0005930 GCTaskThread "GC Thread#1" [stack: 0x0000797d000ff000,0x0000797d001ff000] [id=35560]
  0x0000797ca0006380 GCTaskThread "GC Thread#2" [stack: 0x0000797ca6f00000,0x0000797ca7000000] [id=35561]
  0x0000797ca0007870 GCTaskThread "GC Thread#3" [stack: 0x0000797ca6bff000,0x0000797ca6cff000] [id=35564]
  0x0000797d10084a30 ConcurrentGCThread "G1 Main Marker" [stack: 0x0000797d0ff00000,0x0000797d10000000] [id=35544]
  0x0000797d100859b0 ConcurrentGCThread "G1 Conc#0" [stack: 0x0000797d03a31000,0x0000797d03b31000] [id=35545]
  0x0000797d100ea0c0 ConcurrentGCThread "G1 Refine#0" [stack: 0x0000797d014fc000,0x0000797d015fc000] [id=35546]
  0x0000797cec000ea0 ConcurrentGCThread "G1 Refine#1" [stack: 0x0000797ca67fe000,0x0000797ca68fe000] [id=35587]
  0x0000797d100eafd0 ConcurrentGCThread "G1 Service" [stack: 0x0000797d013fb000,0x0000797d014fb000] [id=35547]

Threads with active compile tasks:
C1 CompilerThread1  12847445 26655       1       java.io.File::normalizedList (86 bytes)

VM state: not at safepoint (normal execution)

VM Mutex/Monitor currently owned by a thread:  ([mutex/lock_event])
[0x0000797d100163c0] CodeCache_lock - owner thread: 0x0000797d10127080
[0x0000797d10018680] Compile_lock - owner thread: 0x0000797c8c3bc100
[0x0000797d10018890] MethodCompileQueue_lock - owner thread: 0x0000797c8c3bc100

OutOfMemory and StackOverflow Exception counts:
StackOverflowErrors=22
LinkageErrors=844

Heap address: 0x0000000085600000, size: 1962 MB, Compressed Oops mode: 32-bit

CDS archive(s) mapped at: [0x0000797cab000000-0x0000797cabbca000-0x0000797cabbca000), size 12361728, SharedBaseAddress: 0x0000797cab000000, ArchiveRelocationMode: 1.
Compressed class space mapped at: 0x0000797cac000000-0x0000797cec000000, reserved size: 1073741824
Narrow klass base: 0x0000797cab000000, Narrow klass shift: 0, Narrow klass range: 0x100000000

GC Precious Log:
 CPUs: 4 total, 4 available
 Memory: 7847M
 Large Page Support: Disabled
 NUMA Support: Disabled
 Compressed Oops: Enabled (32-bit)
 Heap Region Size: 1M
 Heap Min Capacity: 8M
 Heap Initial Capacity: 124M
 Heap Max Capacity: 1962M
 Pre-touch: Disabled
 Parallel Workers: 4
 Concurrent Workers: 1
 Concurrent Refinement Workers: 4
 Periodic GC: Disabled

Heap:
 garbage-first heap   total 163840K, used 72111K [0x0000000085600000, 0x0000000100000000)
  region size 1024K, 30 young (30720K), 1 survivors (1024K)
 Metaspace       used 95217K, committed 104064K, reserved 1179648K
  class space    used 13644K, committed 15808K, reserved 1048576K

Heap Regions: E=young(eden), S=young(survivor), O=old, HS=humongous(starts), HC=humongous(continues), CS=collection set, F=free, OA=open archive, CA=closed archive, TAMS=top-at-mark-start (previous, next)
|   0|0x0000000085600000, 0x0000000085700000, 0x0000000085700000|100%|HS|  |TAMS 0x0000000085700000, 0x0000000085600000| Complete 
|   1|0x0000000085700000, 0x0000000085800000, 0x0000000085800000|100%|HS|  |TAMS 0x0000000085800000, 0x0000000085700000| Complete 
|   2|0x0000000085800000, 0x00000000858ff7a0, 0x0000000085900000| 99%| O|  |TAMS 0x00000000858ff7a0, 0x0000000085800000| Untracked 
|   3|0x0000000085900000, 0x0000000085a00000, 0x0000000085a00000|100%| O|  |TAMS 0x0000000085a00000, 0x0000000085900000| Untracked 
|   4|0x0000000085a00000, 0x0000000085b00000, 0x0000000085b00000|100%| O|  |TAMS 0x0000000085b00000, 0x0000000085a00000| Untracked 
|   5|0x0000000085b00000, 0x0000000085bfffe8, 0x0000000085c00000| 99%| O|  |TAMS 0x0000000085bfffe8, 0x0000000085b00000| Untracked 
|   6|0x0000000085c00000, 0x0000000085d00000, 0x0000000085d00000|100%| O|  |TAMS 0x0000000085d00000, 0x0000000085c00000| Untracked 
|   7|0x0000000085d00000, 0x0000000085dfffa8, 0x0000000085e00000| 99%| O|  |TAMS 0x0000000085dfffa8, 0x0000000085d00000| Untracked 
|   8|0x0000000085e00000, 0x0000000085f00000, 0x0000000085f00000|100%| O|  |TAMS 0x0000000085f00000, 0x0000000085e00000| Untracked 
|   9|0x0000000085f00000, 0x0000000086000000, 0x0000000086000000|100%| O|  |TAMS 0x0000000086000000, 0x0000000085f00000| Untracked 
|  10|0x0000000086000000, 0x00000000860fffc0, 0x0000000086100000| 99%| O|  |TAMS 0x00000000860fffc0, 0x0000000086000000| Untracked 
|  11|0x0000000086100000, 0x00000000861fffe8, 0x0000000086200000| 99%| O|  |TAMS 0x00000000861fffe8, 0x0000000086100000| Untracked 
|  12|0x0000000086200000, 0x00000000862ffff8, 0x0000000086300000| 99%| O|  |TAMS 0x00000000862ffff8, 0x0000000086200000| Untracked 
|  13|0x0000000086300000, 0x00000000863fffd0, 0x0000000086400000| 99%| O|  |TAMS 0x00000000863fffd0, 0x0000000086300000| Untracked 
|  14|0x0000000086400000, 0x0000000086500000, 0x0000000086500000|100%| O|  |TAMS 0x0000000086500000, 0x0000000086400000| Untracked 
|  15|0x0000000086500000, 0x00000000865ffff8, 0x0000000086600000| 99%| O|  |TAMS 0x00000000865ffff8, 0x0000000086500000| Untracked 
|  16|0x0000000086600000, 0x00000000866fff00, 0x0000000086700000| 99%| O|  |TAMS 0x00000000866fff00, 0x0000000086600000| Untracked 
|  17|0x0000000086700000, 0x00000000867fc4e8, 0x0000000086800000| 98%| O|  |TAMS 0x00000000867fc4e8, 0x0000000086700000| Untracked 
|  18|0x0000000086800000, 0x00000000868fffe8, 0x0000000086900000| 99%| O|  |TAMS 0x00000000868fffe8, 0x0000000086800000| Untracked 
|  19|0x0000000086900000, 0x00000000869fff90, 0x0000000086a00000| 99%| O|  |TAMS 0x00000000869fff90, 0x0000000086900000| Untracked 
|  20|0x0000000086a00000, 0x0000000086afffd0, 0x0000000086b00000| 99%| O|  |TAMS 0x0000000086afffd0, 0x0000000086a00000| Untracked 
|  21|0x0000000086b00000, 0x0000000086bffff8, 0x0000000086c00000| 99%| O|  |TAMS 0x0000000086bffff8, 0x0000000086b00000| Untracked 
|  22|0x0000000086c00000, 0x0000000086d00000, 0x0000000086d00000|100%| O|  |TAMS 0x0000000086d00000, 0x0000000086c00000| Untracked 
|  23|0x0000000086d00000, 0x0000000086e00000, 0x0000000086e00000|100%| O|  |TAMS 0x0000000086e00000, 0x0000000086d00000| Untracked 
|  24|0x0000000086e00000, 0x0000000086efffe0, 0x0000000086f00000| 99%| O|  |TAMS 0x0000000086efffe0, 0x0000000086e00000| Untracked 
|  25|0x0000000086f00000, 0x0000000086fffff0, 0x0000000087000000| 99%| O|  |TAMS 0x0000000086fffff0, 0x0000000086f00000| Untracked 
|  26|0x0000000087000000, 0x0000000087100000, 0x0000000087100000|100%| O|  |TAMS 0x0000000087100000, 0x0000000087000000| Untracked 
|  27|0x0000000087100000, 0x000000008719b600, 0x0000000087200000| 60%| O|  |TAMS 0x0000000087100000, 0x0000000087100000| Untracked 
|  28|0x0000000087200000, 0x0000000087200000, 0x0000000087300000|  0%| F|  |TAMS 0x0000000087200000, 0x0000000087200000| Untracked 
|  29|0x0000000087300000, 0x0000000087358200, 0x0000000087400000| 34%| O|  |TAMS 0x0000000087358200, 0x0000000087300000| Untracked 
|  30|0x0000000087400000, 0x000000008748e600, 0x0000000087500000| 55%| O|  |TAMS 0x000000008748e600, 0x0000000087400000| Untracked 
|  31|0x0000000087500000, 0x0000000087500000, 0x0000000087600000|  0%| F|  |TAMS 0x0000000087500000, 0x0000000087500000| Untracked 
|  32|0x0000000087600000, 0x0000000087600000, 0x0000000087700000|  0%| F|  |TAMS 0x0000000087600000, 0x0000000087600000| Untracked 
|  33|0x0000000087700000, 0x0000000087700000, 0x0000000087800000|  0%| F|  |TAMS 0x0000000087700000, 0x0000000087700000| Untracked 
|  34|0x0000000087800000, 0x0000000087800000, 0x0000000087900000|  0%| F|  |TAMS 0x0000000087800000, 0x0000000087800000| Untracked 
|  35|0x0000000087900000, 0x0000000087900000, 0x0000000087a00000|  0%| F|  |TAMS 0x0000000087900000, 0x0000000087900000| Untracked 
|  36|0x0000000087a00000, 0x0000000087affff0, 0x0000000087b00000| 99%| O|  |TAMS 0x0000000087affff0, 0x0000000087a00000| Untracked 
|  37|0x0000000087b00000, 0x0000000087c00000, 0x0000000087c00000|100%| O|  |TAMS 0x0000000087c00000, 0x0000000087b00000| Untracked 
|  38|0x0000000087c00000, 0x0000000087cfffe0, 0x0000000087d00000| 99%| O|  |TAMS 0x0000000087cfffe0, 0x0000000087c00000| Untracked 
|  39|0x0000000087d00000, 0x0000000087dfffa0, 0x0000000087e00000| 99%| O|  |TAMS 0x0000000087dfffa0, 0x0000000087d00000| Untracked 
|  40|0x0000000087e00000, 0x0000000087e00000, 0x0000000087f00000|  0%| F|  |TAMS 0x0000000087e00000, 0x0000000087e00000| Untracked 
|  41|0x0000000087f00000, 0x0000000087f00000, 0x0000000088000000|  0%| F|  |TAMS 0x0000000087f00000, 0x0000000087f00000| Untracked 
|  42|0x0000000088000000, 0x0000000088000000, 0x0000000088100000|  0%| F|  |TAMS 0x0000000088000000, 0x0000000088000000| Untracked 
|  43|0x0000000088100000, 0x0000000088200000, 0x0000000088200000|100%| O|  |TAMS 0x0000000088200000, 0x0000000088100000| Untracked 
|  44|0x0000000088200000, 0x0000000088300000, 0x0000000088300000|100%| O|  |TAMS 0x0000000088300000, 0x0000000088200000| Untracked 
|  45|0x0000000088300000, 0x0000000088400000, 0x0000000088400000|100%| O|  |TAMS 0x0000000088400000, 0x0000000088300000| Untracked 
|  46|0x0000000088400000, 0x0000000088500000, 0x0000000088500000|100%| O|  |TAMS 0x0000000088500000, 0x0000000088400000| Untracked 
|  47|0x0000000088500000, 0x0000000088600000, 0x0000000088600000|100%| O|  |TAMS 0x0000000088600000, 0x0000000088500000| Untracked 
|  48|0x0000000088600000, 0x0000000088700000, 0x0000000088700000|100%| O|  |TAMS 0x0000000088700000, 0x0000000088600000| Untracked 
|  49|0x0000000088700000, 0x0000000088800000, 0x0000000088800000|100%| O|  |TAMS 0x0000000088800000, 0x0000000088700000| Untracked 
|  50|0x0000000088800000, 0x0000000088900000, 0x0000000088900000|100%| O|  |TAMS 0x0000000088900000, 0x0000000088800000| Untracked 
|  51|0x0000000088900000, 0x00000000889a1400, 0x0000000088a00000| 62%| O|  |TAMS 0x00000000889a1400, 0x0000000088900000| Untracked 
|  52|0x0000000088a00000, 0x0000000088a00000, 0x0000000088b00000|  0%| F|  |TAMS 0x0000000088a00000, 0x0000000088a00000| Untracked 
|  53|0x0000000088b00000, 0x0000000088b00000, 0x0000000088c00000|  0%| F|  |TAMS 0x0000000088b00000, 0x0000000088b00000| Untracked 
|  54|0x0000000088c00000, 0x0000000088c00000, 0x0000000088d00000|  0%| F|  |TAMS 0x0000000088c00000, 0x0000000088c00000| Untracked 
|  55|0x0000000088d00000, 0x0000000088d00000, 0x0000000088e00000|  0%| F|  |TAMS 0x0000000088d00000, 0x0000000088d00000| Untracked 
|  56|0x0000000088e00000, 0x0000000088e00000, 0x0000000088f00000|  0%| F|  |TAMS 0x0000000088e00000, 0x0000000088e00000| Untracked 
|  57|0x0000000088f00000, 0x0000000088f00000, 0x0000000089000000|  0%| F|  |TAMS 0x0000000088f00000, 0x0000000088f00000| Untracked 
|  58|0x0000000089000000, 0x0000000089000000, 0x0000000089100000|  0%| F|  |TAMS 0x0000000089000000, 0x0000000089000000| Untracked 
|  59|0x0000000089100000, 0x0000000089100000, 0x0000000089200000|  0%| F|  |TAMS 0x0000000089100000, 0x0000000089100000| Untracked 
|  60|0x0000000089200000, 0x0000000089200000, 0x0000000089300000|  0%| F|  |TAMS 0x0000000089200000, 0x0000000089200000| Untracked 
|  61|0x0000000089300000, 0x00000000893603d8, 0x0000000089400000| 37%| S|CS|TAMS 0x0000000089300000, 0x0000000089300000| Complete 
|  62|0x0000000089400000, 0x0000000089400000, 0x0000000089500000|  0%| F|  |TAMS 0x0000000089400000, 0x0000000089400000| Untracked 
|  63|0x0000000089500000, 0x0000000089500000, 0x0000000089600000|  0%| F|  |TAMS 0x0000000089500000, 0x0000000089500000| Untracked 
|  64|0x0000000089600000, 0x0000000089600000, 0x0000000089700000|  0%| F|  |TAMS 0x0000000089600000, 0x0000000089600000| Untracked 
|  65|0x0000000089700000, 0x0000000089700000, 0x0000000089800000|  0%| F|  |TAMS 0x0000000089700000, 0x0000000089700000| Untracked 
|  66|0x0000000089800000, 0x0000000089800000, 0x0000000089900000|  0%| F|  |TAMS 0x0000000089800000, 0x0000000089800000| Untracked 
|  67|0x0000000089900000, 0x0000000089900000, 0x0000000089a00000|  0%| F|  |TAMS 0x0000000089900000, 0x0000000089900000| Untracked 
|  68|0x0000000089a00000, 0x0000000089a00000, 0x0000000089b00000|  0%| F|  |TAMS 0x0000000089a00000, 0x0000000089a00000| Untracked 
|  69|0x0000000089b00000, 0x0000000089b00000, 0x0000000089c00000|  0%| F|  |TAMS 0x0000000089b00000, 0x0000000089b00000| Untracked 
|  70|0x0000000089c00000, 0x0000000089c00000, 0x0000000089d00000|  0%| F|  |TAMS 0x0000000089c00000, 0x0000000089c00000| Untracked 
|  71|0x0000000089d00000, 0x0000000089d00000, 0x0000000089e00000|  0%| F|  |TAMS 0x0000000089d00000, 0x0000000089d00000| Untracked 
|  72|0x0000000089e00000, 0x0000000089e00000, 0x0000000089f00000|  0%| F|  |TAMS 0x0000000089e00000, 0x0000000089e00000| Untracked 
|  73|0x0000000089f00000, 0x0000000089f00000, 0x000000008a000000|  0%| F|  |TAMS 0x0000000089f00000, 0x0000000089f00000| Untracked 
|  74|0x000000008a000000, 0x000000008a000000, 0x000000008a100000|  0%| F|  |TAMS 0x000000008a000000, 0x000000008a000000| Untracked 
|  75|0x000000008a100000, 0x000000008a100000, 0x000000008a200000|  0%| F|  |TAMS 0x000000008a100000, 0x000000008a100000| Untracked 
|  76|0x000000008a200000, 0x000000008a200000, 0x000000008a300000|  0%| F|  |TAMS 0x000000008a200000, 0x000000008a200000| Untracked 
|  77|0x000000008a300000, 0x000000008a300000, 0x000000008a400000|  0%| F|  |TAMS 0x000000008a300000, 0x000000008a300000| Untracked 
|  78|0x000000008a400000, 0x000000008a400000, 0x000000008a500000|  0%| F|  |TAMS 0x000000008a400000, 0x000000008a400000| Untracked 
|  79|0x000000008a500000, 0x000000008a500000, 0x000000008a600000|  0%| F|  |TAMS 0x000000008a500000, 0x000000008a500000| Untracked 
|  80|0x000000008a600000, 0x000000008a700000, 0x000000008a700000|100%| O|  |TAMS 0x000000008a700000, 0x000000008a600000| Untracked 
|  81|0x000000008a700000, 0x000000008a700000, 0x000000008a800000|  0%| F|  |TAMS 0x000000008a700000, 0x000000008a700000| Untracked 
|  82|0x000000008a800000, 0x000000008a800000, 0x000000008a900000|  0%| F|  |TAMS 0x000000008a800000, 0x000000008a800000| Untracked 
|  83|0x000000008a900000, 0x000000008a900000, 0x000000008aa00000|  0%| F|  |TAMS 0x000000008a900000, 0x000000008a900000| Untracked 
|  84|0x000000008aa00000, 0x000000008aa00000, 0x000000008ab00000|  0%| F|  |TAMS 0x000000008aa00000, 0x000000008aa00000| Untracked 
|  85|0x000000008ab00000, 0x000000008ab00000, 0x000000008ac00000|  0%| F|  |TAMS 0x000000008ab00000, 0x000000008ab00000| Untracked 
|  86|0x000000008ac00000, 0x000000008ac00000, 0x000000008ad00000|  0%| F|  |TAMS 0x000000008ac00000, 0x000000008ac00000| Untracked 
|  87|0x000000008ad00000, 0x000000008ad00000, 0x000000008ae00000|  0%| F|  |TAMS 0x000000008ad00000, 0x000000008ad00000| Untracked 
|  88|0x000000008ae00000, 0x000000008ae00000, 0x000000008af00000|  0%| F|  |TAMS 0x000000008ae00000, 0x000000008ae00000| Untracked 
|  89|0x000000008af00000, 0x000000008af00000, 0x000000008b000000|  0%| F|  |TAMS 0x000000008af00000, 0x000000008af00000| Untracked 
|  90|0x000000008b000000, 0x000000008b000000, 0x000000008b100000|  0%| F|  |TAMS 0x000000008b000000, 0x000000008b000000| Untracked 
|  91|0x000000008b100000, 0x000000008b100000, 0x000000008b200000|  0%| F|  |TAMS 0x000000008b100000, 0x000000008b100000| Untracked 
|  92|0x000000008b200000, 0x000000008b200000, 0x000000008b300000|  0%| F|  |TAMS 0x000000008b200000, 0x000000008b200000| Untracked 
|  93|0x000000008b300000, 0x000000008b300000, 0x000000008b400000|  0%| F|  |TAMS 0x000000008b300000, 0x000000008b300000| Untracked 
|  94|0x000000008b400000, 0x000000008b400000, 0x000000008b500000|  0%| F|  |TAMS 0x000000008b400000, 0x000000008b400000| Untracked 
|  95|0x000000008b500000, 0x000000008b500000, 0x000000008b600000|  0%| F|  |TAMS 0x000000008b500000, 0x000000008b500000| Untracked 
|  96|0x000000008b600000, 0x000000008b600000, 0x000000008b700000|  0%| F|  |TAMS 0x000000008b600000, 0x000000008b600000| Untracked 
|  97|0x000000008b700000, 0x000000008b700000, 0x000000008b800000|  0%| F|  |TAMS 0x000000008b700000, 0x000000008b700000| Untracked 
|  98|0x000000008b800000, 0x000000008b800000, 0x000000008b900000|  0%| F|  |TAMS 0x000000008b800000, 0x000000008b800000| Untracked 
|  99|0x000000008b900000, 0x000000008b900000, 0x000000008ba00000|  0%| F|  |TAMS 0x000000008b900000, 0x000000008b900000| Untracked 
| 100|0x000000008ba00000, 0x000000008ba00000, 0x000000008bb00000|  0%| F|  |TAMS 0x000000008ba00000, 0x000000008ba00000| Untracked 
| 101|0x000000008bb00000, 0x000000008bb00000, 0x000000008bc00000|  0%| F|  |TAMS 0x000000008bb00000, 0x000000008bb00000| Untracked 
| 102|0x000000008bc00000, 0x000000008bc00000, 0x000000008bd00000|  0%| F|  |TAMS 0x000000008bc00000, 0x000000008bc00000| Untracked 
| 103|0x000000008bd00000, 0x000000008bd00000, 0x000000008be00000|  0%| F|  |TAMS 0x000000008bd00000, 0x000000008bd00000| Untracked 
| 104|0x000000008be00000, 0x000000008be00000, 0x000000008bf00000|  0%| F|  |TAMS 0x000000008be00000, 0x000000008be00000| Untracked 
| 105|0x000000008bf00000, 0x000000008bf00000, 0x000000008c000000|  0%| F|  |TAMS 0x000000008bf00000, 0x000000008bf00000| Untracked 
| 106|0x000000008c000000, 0x000000008c000000, 0x000000008c100000|  0%| F|  |TAMS 0x000000008c000000, 0x000000008c000000| Untracked 
| 107|0x000000008c100000, 0x000000008c100000, 0x000000008c200000|  0%| F|  |TAMS 0x000000008c100000, 0x000000008c100000| Untracked 
| 108|0x000000008c200000, 0x000000008c200000, 0x000000008c300000|  0%| F|  |TAMS 0x000000008c200000, 0x000000008c200000| Untracked 
| 109|0x000000008c300000, 0x000000008c300000, 0x000000008c400000|  0%| F|  |TAMS 0x000000008c300000, 0x000000008c300000| Untracked 
| 110|0x000000008c400000, 0x000000008c400000, 0x000000008c500000|  0%| F|  |TAMS 0x000000008c400000, 0x000000008c400000| Untracked 
| 111|0x000000008c500000, 0x000000008c500000, 0x000000008c600000|  0%| F|  |TAMS 0x000000008c500000, 0x000000008c500000| Untracked 
| 112|0x000000008c600000, 0x000000008c600000, 0x000000008c700000|  0%| F|  |TAMS 0x000000008c600000, 0x000000008c600000| Untracked 
| 113|0x000000008c700000, 0x000000008c700000, 0x000000008c800000|  0%| F|  |TAMS 0x000000008c700000, 0x000000008c700000| Untracked 
| 114|0x000000008c800000, 0x000000008c800000, 0x000000008c900000|  0%| F|  |TAMS 0x000000008c800000, 0x000000008c800000| Untracked 
| 115|0x000000008c900000, 0x000000008c900000, 0x000000008ca00000|  0%| F|  |TAMS 0x000000008c900000, 0x000000008c900000| Untracked 
| 116|0x000000008ca00000, 0x000000008ca00000, 0x000000008cb00000|  0%| F|  |TAMS 0x000000008ca00000, 0x000000008ca00000| Untracked 
| 117|0x000000008cb00000, 0x000000008cb00000, 0x000000008cc00000|  0%| F|  |TAMS 0x000000008cb00000, 0x000000008cb00000| Untracked 
| 118|0x000000008cc00000, 0x000000008cc00000, 0x000000008cd00000|  0%| F|  |TAMS 0x000000008cc00000, 0x000000008cc00000| Untracked 
| 119|0x000000008cd00000, 0x000000008cd00000, 0x000000008ce00000|  0%| F|  |TAMS 0x000000008cd00000, 0x000000008cd00000| Untracked 
| 120|0x000000008ce00000, 0x000000008ce00000, 0x000000008cf00000|  0%| F|  |TAMS 0x000000008ce00000, 0x000000008ce00000| Untracked 
| 121|0x000000008cf00000, 0x000000008cf00000, 0x000000008d000000|  0%| F|  |TAMS 0x000000008cf00000, 0x000000008cf00000| Untracked 
| 122|0x000000008d000000, 0x000000008d000000, 0x000000008d100000|  0%| F|  |TAMS 0x000000008d000000, 0x000000008d000000| Untracked 
| 123|0x000000008d100000, 0x000000008d100000, 0x000000008d200000|  0%| F|  |TAMS 0x000000008d100000, 0x000000008d100000| Untracked 
| 124|0x000000008d200000, 0x000000008d200000, 0x000000008d300000|  0%| F|  |TAMS 0x000000008d200000, 0x000000008d200000| Untracked 
| 125|0x000000008d300000, 0x000000008d300000, 0x000000008d400000|  0%| F|  |TAMS 0x000000008d300000, 0x000000008d300000| Untracked 
| 126|0x000000008d400000, 0x000000008d400000, 0x000000008d500000|  0%| F|  |TAMS 0x000000008d400000, 0x000000008d400000| Untracked 
| 127|0x000000008d500000, 0x000000008d500000, 0x000000008d600000|  0%| F|  |TAMS 0x000000008d500000, 0x000000008d500000| Untracked 
| 128|0x000000008d600000, 0x000000008d600000, 0x000000008d700000|  0%| F|  |TAMS 0x000000008d600000, 0x000000008d600000| Untracked 
| 129|0x000000008d700000, 0x000000008d72c958, 0x000000008d800000| 17%| E|  |TAMS 0x000000008d700000, 0x000000008d700000| Complete 
| 130|0x000000008d800000, 0x000000008d900000, 0x000000008d900000|100%| E|CS|TAMS 0x000000008d800000, 0x000000008d800000| Complete 
| 131|0x000000008d900000, 0x000000008da00000, 0x000000008da00000|100%| E|CS|TAMS 0x000000008d900000, 0x000000008d900000| Complete 
| 132|0x000000008da00000, 0x000000008db00000, 0x000000008db00000|100%| E|CS|TAMS 0x000000008da00000, 0x000000008da00000| Complete 
| 133|0x000000008db00000, 0x000000008dc00000, 0x000000008dc00000|100%| E|CS|TAMS 0x000000008db00000, 0x000000008db00000| Complete 
| 134|0x000000008dc00000, 0x000000008dd00000, 0x000000008dd00000|100%| E|CS|TAMS 0x000000008dc00000, 0x000000008dc00000| Complete 
| 135|0x000000008dd00000, 0x000000008de00000, 0x000000008de00000|100%| E|CS|TAMS 0x000000008dd00000, 0x000000008dd00000| Complete 
| 136|0x000000008de00000, 0x000000008df00000, 0x000000008df00000|100%| E|CS|TAMS 0x000000008de00000, 0x000000008de00000| Complete 
| 137|0x000000008df00000, 0x000000008e000000, 0x000000008e000000|100%| E|CS|TAMS 0x000000008df00000, 0x000000008df00000| Complete 
| 138|0x000000008e000000, 0x000000008e0fffd8, 0x000000008e100000| 99%| E|  |TAMS 0x000000008e000000, 0x000000008e000000| Complete 
| 139|0x000000008e100000, 0x000000008e200000, 0x000000008e200000|100%| E|CS|TAMS 0x000000008e100000, 0x000000008e100000| Complete 
| 140|0x000000008e200000, 0x000000008e300000, 0x000000008e300000|100%| E|CS|TAMS 0x000000008e200000, 0x000000008e200000| Complete 
| 141|0x000000008e300000, 0x000000008e400000, 0x000000008e400000|100%| E|CS|TAMS 0x000000008e300000, 0x000000008e300000| Complete 
| 142|0x000000008e400000, 0x000000008e500000, 0x000000008e500000|100%| E|CS|TAMS 0x000000008e400000, 0x000000008e400000| Complete 
| 143|0x000000008e500000, 0x000000008e600000, 0x000000008e600000|100%| E|CS|TAMS 0x000000008e500000, 0x000000008e500000| Complete 
| 144|0x000000008e600000, 0x000000008e700000, 0x000000008e700000|100%| E|CS|TAMS 0x000000008e600000, 0x000000008e600000| Complete 
| 145|0x000000008e700000, 0x000000008e800000, 0x000000008e800000|100%| E|CS|TAMS 0x000000008e700000, 0x000000008e700000| Complete 
| 146|0x000000008e800000, 0x000000008e900000, 0x000000008e900000|100%| E|CS|TAMS 0x000000008e800000, 0x000000008e800000| Complete 
| 147|0x000000008e900000, 0x000000008ea00000, 0x000000008ea00000|100%| E|CS|TAMS 0x000000008e900000, 0x000000008e900000| Complete 
| 148|0x000000008ea00000, 0x000000008eb00000, 0x000000008eb00000|100%| E|CS|TAMS 0x000000008ea00000, 0x000000008ea00000| Complete 
| 149|0x000000008eb00000, 0x000000008ec00000, 0x000000008ec00000|100%| E|CS|TAMS 0x000000008eb00000, 0x000000008eb00000| Complete 
| 150|0x000000008ec00000, 0x000000008ed00000, 0x000000008ed00000|100%| E|CS|TAMS 0x000000008ec00000, 0x000000008ec00000| Complete 
| 151|0x000000008ed00000, 0x000000008ee00000, 0x000000008ee00000|100%| E|CS|TAMS 0x000000008ed00000, 0x000000008ed00000| Complete 
| 152|0x000000008ee00000, 0x000000008ef00000, 0x000000008ef00000|100%| E|CS|TAMS 0x000000008ee00000, 0x000000008ee00000| Complete 
| 153|0x000000008ef00000, 0x000000008f000000, 0x000000008f000000|100%| E|CS|TAMS 0x000000008ef00000, 0x000000008ef00000| Complete 
| 154|0x000000008f000000, 0x000000008f100000, 0x000000008f100000|100%| E|CS|TAMS 0x000000008f000000, 0x000000008f000000| Complete 
| 155|0x000000008f100000, 0x000000008f200000, 0x000000008f200000|100%| E|CS|TAMS 0x000000008f100000, 0x000000008f100000| Complete 
| 156|0x000000008f200000, 0x000000008f300000, 0x000000008f300000|100%| E|CS|TAMS 0x000000008f200000, 0x000000008f200000| Complete 
| 157|0x000000008f300000, 0x000000008f400000, 0x000000008f400000|100%| E|CS|TAMS 0x000000008f300000, 0x000000008f300000| Complete 
|1960|0x00000000ffe00000, 0x00000000ffe75000, 0x00000000fff00000| 45%|OA|  |TAMS 0x00000000ffe75000, 0x00000000ffe00000| Untracked 
|1961|0x00000000fff00000, 0x00000000fff78000, 0x0000000100000000| 46%|CA|  |TAMS 0x00000000fff78000, 0x00000000fff00000| Untracked 

Card table byte_map: [0x0000797d07c56000,0x0000797d0802b000] _byte_map_base: 0x0000797d0782b000

Marking Bits (Prev, Next): (CMBitMap*) 0x0000797d10074990, (CMBitMap*) 0x0000797d100749d0
 Prev Bits: [0x0000797d059d9000, 0x0000797d07881000)
 Next Bits: [0x0000797d03b31000, 0x0000797d059d9000)

Polling page: 0x0000797d1925d000

Metaspace:

Usage:
  Non-class:     79.66 MB used.
      Class:     13.32 MB used.
       Both:     92.99 MB used.

Virtual space:
  Non-class space:      128.00 MB reserved,      86.19 MB ( 67%) committed,  2 nodes.
      Class space:        1.00 GB reserved,      15.44 MB (  2%) committed,  1 nodes.
             Both:        1.12 GB reserved,     101.62 MB (  9%) committed. 

Chunk freelists:
   Non-Class:  31.03 MB
       Class:  2.09 MB
        Both:  33.12 MB

MaxMetaspaceSize: unlimited
CompressedClassSpaceSize: 1.00 GB
Initial GC threshold: 21.00 MB
Current GC threshold: 187.81 MB
CDS: on
MetaspaceReclaimPolicy: balanced
 - commit_granule_bytes: 65536.
 - commit_granule_words: 8192.
 - virtual_space_node_default_size: 8388608.
 - enlarge_chunks_in_place: 1.
 - new_chunks_are_fully_committed: 0.
 - uncommit_free_chunks: 1.
 - use_allocation_guard: 0.
 - handle_deallocations: 1.


Internal statistics:

num_allocs_failed_limit: 9.
num_arena_births: 7340.
num_arena_deaths: 5578.
num_vsnodes_births: 3.
num_vsnodes_deaths: 0.
num_space_committed: 2093.
num_space_uncommitted: 467.
num_chunks_returned_to_freelist: 13202.
num_chunks_taken_from_freelist: 19104.
num_chunk_merges: 3256.
num_chunk_splits: 8247.
num_chunks_enlarged: 4451.
num_inconsistent_stats: 0.

CodeCache: size=49152Kb used=46705Kb max_used=46705Kb free=2446Kb
 bounds [0x0000797d14600000, 0x0000797d173a0000, 0x0000797d17600000]
 total_blobs=26906 nmethods=26165 adapters=665
 compilation: enabled
              stopped_count=0, restarted_count=0
 full_count=0

Compilation events (20 events):
Event: 12847.183 Thread 0x0000797d10125bf0 nmethod 26645 0x0000797d17398510 code [0x0000797d17398700, 0x0000797d173989e0]
Event: 12847.183 Thread 0x0000797d10125bf0 26646       1       org.springframework.util.Assert::isTrue (17 bytes)
Event: 12847.183 Thread 0x0000797d10125bf0 nmethod 26646 0x0000797d17398b90 code [0x0000797d17398d40, 0x0000797d17398f30]
Event: 12847.183 Thread 0x0000797d10125bf0 26647       1       java.io.File::length (33 bytes)
Event: 12847.184 Thread 0x0000797d10125bf0 nmethod 26647 0x0000797d17399090 code [0x0000797d17399280, 0x0000797d17399560]
Event: 12847.184 Thread 0x0000797d10125bf0 26648       1       java.lang.invoke.DirectMethodHandle$Holder::newInvokeSpecial (21 bytes)
Event: 12847.184 Thread 0x0000797c8c3bc100 nmethod 26643 0x0000797d17399710 code [0x0000797d17399900, 0x0000797d17399be0]
Event: 12847.184 Thread 0x0000797c8c3bc100 26649       1       java.lang.invoke.Invokers$Holder::linkToTargetMethod (9 bytes)
Event: 12847.184 Thread 0x0000797c8c3bc100 nmethod 26649 0x0000797d17399d90 code [0x0000797d17399f40, 0x0000797d1739a070]
Event: 12847.184 Thread 0x0000797c8c3bc100 26650       1       java.util.concurrent.locks.AbstractQueuedSynchronizer::release (19 bytes)
Event: 12847.185 Thread 0x0000797c8c3bc100 nmethod 26650 0x0000797d1739a190 code [0x0000797d1739a340, 0x0000797d1739a550]
Event: 12847.187 Thread 0x0000797d10125bf0 nmethod 26648 0x0000797d1739a710 code [0x0000797d1739a8e0, 0x0000797d1739aaa0]
Event: 12847.209 Thread 0x0000797c8c3bc760 26651       1       java.util.HashMap::getNode (150 bytes)
Event: 12847.214 Thread 0x0000797c8c3bc760 nmethod 26651 0x0000797d1739ac10 code [0x0000797d1739ae00, 0x0000797d1739b210]
Event: 12847.215 Thread 0x0000797c8c3bc100 26652       1       java.util.AbstractCollection::containsAll (38 bytes)
Event: 12847.215 Thread 0x0000797c8c3bc100 nmethod 26652 0x0000797d1739b410 code [0x0000797d1739b5e0, 0x0000797d1739b7d0]
Event: 12847.348 Thread 0x0000797c8c3bc760 26653       1       java.util.LinkedHashMap$LinkedHashIterator::<init> (31 bytes)
Event: 12847.348 Thread 0x0000797c8c3bc760 nmethod 26653 0x0000797d1739b910 code [0x0000797d1739bac0, 0x0000797d1739bc90]
Event: 12847.401 Thread 0x0000797d10125bf0 26654       1       java.io.File::listFiles (52 bytes)
Event: 12847.402 Thread 0x0000797d10125bf0 nmethod 26654 0x0000797d1739bd90 code [0x0000797d1739bf60, 0x0000797d1739c330]

GC Heap History (20 events):
Event: 12442.382 GC heap before
{Heap before GC invocations=484 (full 74):
 garbage-first heap   total 163840K, used 142255K [0x0000000085600000, 0x0000000100000000)
  region size 1024K, 96 young (98304K), 1 survivors (1024K)
 Metaspace       used 95225K, committed 104064K, reserved 1179648K
  class space    used 13645K, committed 15808K, reserved 1048576K
}
Event: 12442.387 GC heap after
{Heap after GC invocations=485 (full 74):
 garbage-first heap   total 163840K, used 45074K [0x0000000085600000, 0x0000000100000000)
  region size 1024K, 1 young (1024K), 1 survivors (1024K)
 Metaspace       used 95225K, committed 104064K, reserved 1179648K
  class space    used 13645K, committed 15808K, reserved 1048576K
}
Event: 12496.117 GC heap before
{Heap before GC invocations=486 (full 74):
 garbage-first heap   total 163840K, used 141330K [0x0000000085600000, 0x0000000100000000)
  region size 1024K, 96 young (98304K), 1 survivors (1024K)
 Metaspace       used 95213K, committed 104064K, reserved 1179648K
  class space    used 13643K, committed 15808K, reserved 1048576K
}
Event: 12496.122 GC heap after
{Heap after GC invocations=487 (full 74):
 garbage-first heap   total 163840K, used 45141K [0x0000000085600000, 0x0000000100000000)
  region size 1024K, 1 young (1024K), 1 survivors (1024K)
 Metaspace       used 95213K, committed 104064K, reserved 1179648K
  class space    used 13643K, committed 15808K, reserved 1048576K
}
Event: 12500.355 GC heap before
{Heap before GC invocations=487 (full 74):
 garbage-first heap   total 163840K, used 52309K [0x0000000085600000, 0x0000000100000000)
  region size 1024K, 8 young (8192K), 1 survivors (1024K)
 Metaspace       used 95213K, committed 104064K, reserved 1179648K
  class space    used 13643K, committed 15808K, reserved 1048576K
}
Event: 12500.361 GC heap after
{Heap after GC invocations=488 (full 74):
 garbage-first heap   total 163840K, used 44187K [0x0000000085600000, 0x0000000100000000)
  region size 1024K, 1 young (1024K), 1 survivors (1024K)
 Metaspace       used 95213K, committed 104064K, reserved 1179648K
  class space    used 13643K, committed 15808K, reserved 1048576K
}
Event: 12555.781 GC heap before
{Heap before GC invocations=488 (full 74):
 garbage-first heap   total 163840K, used 141467K [0x0000000085600000, 0x0000000100000000)
  region size 1024K, 96 young (98304K), 1 survivors (1024K)
 Metaspace       used 95213K, committed 104064K, reserved 1179648K
  class space    used 13643K, committed 15808K, reserved 1048576K
}
Event: 12555.785 GC heap after
{Heap after GC invocations=489 (full 74):
 garbage-first heap   total 163840K, used 44087K [0x0000000085600000, 0x0000000100000000)
  region size 1024K, 1 young (1024K), 1 survivors (1024K)
 Metaspace       used 95213K, committed 104064K, reserved 1179648K
  class space    used 13643K, committed 15808K, reserved 1048576K
}
Event: 12610.878 GC heap before
{Heap before GC invocations=489 (full 74):
 garbage-first heap   total 163840K, used 141367K [0x0000000085600000, 0x0000000100000000)
  region size 1024K, 96 young (98304K), 1 survivors (1024K)
 Metaspace       used 95213K, committed 104064K, reserved 1179648K
  class space    used 13643K, committed 15808K, reserved 1048576K
}
Event: 12610.882 GC heap after
{Heap after GC invocations=490 (full 74):
 garbage-first heap   total 163840K, used 44151K [0x0000000085600000, 0x0000000100000000)
  region size 1024K, 1 young (1024K), 1 survivors (1024K)
 Metaspace       used 95213K, committed 104064K, reserved 1179648K
  class space    used 13643K, committed 15808K, reserved 1048576K
}
Event: 12666.013 GC heap before
{Heap before GC invocations=490 (full 74):
 garbage-first heap   total 163840K, used 140407K [0x0000000085600000, 0x0000000100000000)
  region size 1024K, 96 young (98304K), 1 survivors (1024K)
 Metaspace       used 95213K, committed 104064K, reserved 1179648K
  class space    used 13643K, committed 15808K, reserved 1048576K
}
Event: 12666.015 GC heap after
{Heap after GC invocations=491 (full 74):
 garbage-first heap   total 163840K, used 44331K [0x0000000085600000, 0x0000000100000000)
  region size 1024K, 1 young (1024K), 1 survivors (1024K)
 Metaspace       used 95213K, committed 104064K, reserved 1179648K
  class space    used 13643K, committed 15808K, reserved 1048576K
}
Event: 12720.930 GC heap before
{Heap before GC invocations=492 (full 74):
 garbage-first heap   total 163840K, used 141611K [0x0000000085600000, 0x0000000100000000)
  region size 1024K, 96 young (98304K), 1 survivors (1024K)
 Metaspace       used 95203K, committed 104064K, reserved 1179648K
  class space    used 13641K, committed 15808K, reserved 1048576K
}
Event: 12720.934 GC heap after
{Heap after GC invocations=493 (full 74):
 garbage-first heap   total 163840K, used 44568K [0x0000000085600000, 0x0000000100000000)
  region size 1024K, 1 young (1024K), 1 survivors (1024K)
 Metaspace       used 95203K, committed 104064K, reserved 1179648K
  class space    used 13641K, committed 15808K, reserved 1048576K
}
Event: 12725.027 GC heap before
{Heap before GC invocations=493 (full 74):
 garbage-first heap   total 163840K, used 51736K [0x0000000085600000, 0x0000000100000000)
  region size 1024K, 8 young (8192K), 1 survivors (1024K)
 Metaspace       used 95203K, committed 104064K, reserved 1179648K
  class space    used 13641K, committed 15808K, reserved 1048576K
}
Event: 12725.031 GC heap after
{Heap after GC invocations=494 (full 74):
 garbage-first heap   total 163840K, used 44431K [0x0000000085600000, 0x0000000100000000)
  region size 1024K, 1 young (1024K), 1 survivors (1024K)
 Metaspace       used 95203K, committed 104064K, reserved 1179648K
  class space    used 13641K, committed 15808K, reserved 1048576K
}
Event: 12780.679 GC heap before
{Heap before GC invocations=494 (full 74):
 garbage-first heap   total 163840K, used 141711K [0x0000000085600000, 0x0000000100000000)
  region size 1024K, 96 young (98304K), 1 survivors (1024K)
 Metaspace       used 95203K, committed 104064K, reserved 1179648K
  class space    used 13641K, committed 15808K, reserved 1048576K
}
Event: 12780.680 GC heap after
{Heap after GC invocations=495 (full 74):
 garbage-first heap   total 163840K, used 44355K [0x0000000085600000, 0x0000000100000000)
  region size 1024K, 1 young (1024K), 1 survivors (1024K)
 Metaspace       used 95203K, committed 104064K, reserved 1179648K
  class space    used 13641K, committed 15808K, reserved 1048576K
}
Event: 12836.099 GC heap before
{Heap before GC invocations=495 (full 74):
 garbage-first heap   total 163840K, used 141635K [0x0000000085600000, 0x0000000100000000)
  region size 1024K, 96 young (98304K), 1 survivors (1024K)
 Metaspace       used 95203K, committed 104064K, reserved 1179648K
  class space    used 13641K, committed 15808K, reserved 1048576K
}
Event: 12836.101 GC heap after
{Heap after GC invocations=496 (full 74):
 garbage-first heap   total 163840K, used 44463K [0x0000000085600000, 0x0000000100000000)
  region size 1024K, 1 young (1024K), 1 survivors (1024K)
 Metaspace       used 95203K, committed 104064K, reserved 1179648K
  class space    used 13641K, committed 15808K, reserved 1048576K
}

Dll operation events (10 events):
Event: 0.002 Loaded shared library /usr/lib/jvm/java-17-openjdk-amd64/lib/libjava.so
Event: 0.020 Loaded shared library /usr/lib/jvm/java-17-openjdk-amd64/lib/libjsvml.so
Event: 0.042 Loaded shared library /usr/lib/jvm/java-17-openjdk-amd64/lib/libnio.so
Event: 0.045 Loaded shared library /usr/lib/jvm/java-17-openjdk-amd64/lib/libzip.so
Event: 0.143 Loaded shared library /usr/lib/jvm/java-17-openjdk-amd64/lib/libverify.so
Event: 0.152 Loaded shared library /usr/lib/jvm/java-17-openjdk-amd64/lib/libjimage.so
Event: 0.504 Loaded shared library /usr/lib/jvm/java-17-openjdk-amd64/lib/libmanagement.so
Event: 0.510 Loaded shared library /usr/lib/jvm/java-17-openjdk-amd64/lib/libmanagement_ext.so
Event: 1.379 Loaded shared library /usr/lib/jvm/java-17-openjdk-amd64/lib/libnet.so
Event: 3.744 Loaded shared library /usr/lib/jvm/java-17-openjdk-amd64/lib/libextnet.so

Deoptimization events (8 events):
Event: 3.888 Thread 0x0000797c6cd1aac0 DEOPT PACKING pc=0x0000797d14a72c0e sp=0x0000797ca69fc5d0
Event: 3.888 Thread 0x0000797c6cd1aac0 DEOPT UNPACKING pc=0x0000797d14656e2f sp=0x0000797ca69fba48 mode 3
Event: 3.888 Thread 0x0000797c68004660 DEOPT PACKING pc=0x0000797d149faa79 sp=0x0000797ca6df7a90
Event: 3.888 Thread 0x0000797c68004660 DEOPT UNPACKING pc=0x0000797d14656e2f sp=0x0000797ca6df6f40 mode 3
Event: 2521.339 Thread 0x0000797c8000bd70 DEOPT PACKING pc=0x0000797d14c86d0e sp=0x0000797ca63fb7d0
Event: 2521.339 Thread 0x0000797c8000bd70 DEOPT UNPACKING pc=0x0000797d14656e2f sp=0x0000797ca63fac48 mode 3
Event: 12846.947 Thread 0x0000797c9c038e00 DEOPT PACKING pc=0x0000797d161ed5f0 sp=0x0000797ca64fa420
Event: 12846.948 Thread 0x0000797c9c038e00 DEOPT UNPACKING pc=0x0000797d14656e2f sp=0x0000797ca64f99d8 mode 3

Classes loaded (20 events):
Event: 5673.259 Loading class java/util/stream/ReferencePipeline$4$1
Event: 5673.259 Loading class java/util/stream/ReferencePipeline$4$1 done
Event: 5673.270 Loading class java/lang/Throwable$WrappedPrintWriter
Event: 5673.270 Loading class java/lang/Throwable$PrintStreamOrWriter
Event: 5673.270 Loading class java/lang/Throwable$PrintStreamOrWriter done
Event: 5673.270 Loading class java/lang/Throwable$WrappedPrintWriter done
Event: 5673.274 Loading class sun/util/cldr/CLDRTimeZoneNameProviderImpl$AVAILABLE_IDS
Event: 5673.274 Loading class sun/util/cldr/CLDRTimeZoneNameProviderImpl$AVAILABLE_IDS done
Event: 5965.754 Loading class java/time/DurationEditor
Event: 5965.754 Loading class java/time/DurationEditor done
Event: 6055.876 Loading class java/time/DurationEditor
Event: 6055.876 Loading class java/time/DurationEditor done
Event: 10509.745 Loading class java/util/ArrayList$SubList$2
Event: 10509.749 Loading class java/util/ArrayList$SubList$2 done
Event: 10567.685 Loading class java/time/DurationEditor
Event: 10567.685 Loading class java/time/DurationEditor done
Event: 10576.462 Loading class java/lang/annotation/AnnotationFormatError
Event: 10576.462 Loading class java/lang/annotation/AnnotationFormatError done
Event: 12846.654 Loading class java/util/concurrent/atomic/Striped64$Cell
Event: 12846.654 Loading class java/util/concurrent/atomic/Striped64$Cell done

Classes unloaded (20 events):
Event: 11335.341 Thread 0x0000797d10117570 Unloading class 0x0000797cacfb4400 'java/lang/invoke/LambdaForm$MH+0x0000797cacfb4400'
Event: 11335.341 Thread 0x0000797d10117570 Unloading class 0x0000797cacfab400 'java/lang/invoke/LambdaForm$MH+0x0000797cacfab400'
Event: 11335.341 Thread 0x0000797d10117570 Unloading class 0x0000797cacfab000 'java/lang/invoke/LambdaForm$MH+0x0000797cacfab000'
Event: 11335.341 Thread 0x0000797d10117570 Unloading class 0x0000797cacfaac00 'java/lang/invoke/LambdaForm$MH+0x0000797cacfaac00'
Event: 11335.341 Thread 0x0000797d10117570 Unloading class 0x0000797cacfaa800 'java/lang/invoke/LambdaForm$MH+0x0000797cacfaa800'
Event: 11335.341 Thread 0x0000797d10117570 Unloading class 0x0000797cacfaa400 'java/lang/invoke/LambdaForm$MH+0x0000797cacfaa400'
Event: 11335.341 Thread 0x0000797d10117570 Unloading class 0x0000797cacfaa000 'java/lang/invoke/LambdaForm$MH+0x0000797cacfaa000'
Event: 11548.319 Thread 0x0000797d10117570 Unloading class 0x0000797cacfabc00 'jdk/internal/reflect/GeneratedConstructorAccessor1218'
Event: 11548.319 Thread 0x0000797d10117570 Unloading class 0x0000797cacfa9800 'jdk/internal/reflect/GeneratedConstructorAccessor1217'
Event: 11548.319 Thread 0x0000797d10117570 Unloading class 0x0000797cacfa9c00 'jdk/internal/reflect/GeneratedConstructorAccessor1216'
Event: 11548.319 Thread 0x0000797d10117570 Unloading class 0x0000797cacca0800 'jdk/internal/reflect/GeneratedConstructorAccessor901'
Event: 11548.319 Thread 0x0000797d10117570 Unloading class 0x0000797cacea8c00 'jdk/internal/reflect/GeneratedMethodAccessor748'
Event: 11994.356 Thread 0x0000797d10117570 Unloading class 0x0000797cacfbfc00 'jdk/internal/reflect/GeneratedConstructorAccessor1223'
Event: 12442.447 Thread 0x0000797d10117570 Unloading class 0x0000797cacd81800 'jdk/internal/reflect/GeneratedMethodAccessor1040'
Event: 12442.447 Thread 0x0000797d10117570 Unloading class 0x0000797cacea8c00 'jdk/internal/reflect/GeneratedConstructorAccessor1226'
Event: 12442.447 Thread 0x0000797d10117570 Unloading class 0x0000797cacca0800 'jdk/internal/reflect/GeneratedConstructorAccessor1225'
Event: 12442.447 Thread 0x0000797d10117570 Unloading class 0x0000797cacfabc00 'jdk/internal/reflect/GeneratedConstructorAccessor1224'
Event: 12666.093 Thread 0x0000797d10117570 Unloading class 0x0000797caccb4400 'jdk/internal/reflect/GeneratedConstructorAccessor1229'
Event: 12666.093 Thread 0x0000797d10117570 Unloading class 0x0000797cacab4000 'jdk/internal/reflect/GeneratedConstructorAccessor1228'
Event: 12666.093 Thread 0x0000797d10117570 Unloading class 0x0000797cacfbfc00 'jdk/internal/reflect/GeneratedConstructorAccessor1227'

Classes redefined (0 events):
No events

Internal exceptions (20 events):
Event: 10869.212 Thread 0x0000797cec0491c0 Exception <a 'java/io/FileNotFoundException'{0x000000008aae5640}> (0x000000008aae5640) 
thrown [./src/hotspot/share/prims/jni.cpp, line 516]
Event: 10869.212 Thread 0x0000797cec0491c0 Exception <a 'java/io/FileNotFoundException'{0x000000008aaf0710}> (0x000000008aaf0710) 
thrown [./src/hotspot/share/prims/jni.cpp, line 516]
Event: 10869.285 Thread 0x0000797cec0491c0 Exception <a 'java/io/FileNotFoundException'{0x000000008f2a86a8}> (0x000000008f2a86a8) 
thrown [./src/hotspot/share/prims/jni.cpp, line 516]
Event: 10879.966 Thread 0x0000797d1070a440 Exception <a 'java/lang/InterruptedException'{0x000000008c690850}: sleep interrupted> (0x000000008c690850) 
thrown [./src/hotspot/share/prims/jvm.cpp, line 3064]
Event: 10880.225 Thread 0x0000797c8c3bdd40 Exception <a 'sun/nio/fs/UnixException'{0x000000008f380eb0}> (0x000000008f380eb0) 
thrown [./src/hotspot/share/prims/jni.cpp, line 516]
Event: 10880.508 Thread 0x0000797c8c3bdd40 Exception <a 'java/lang/NoClassDefFoundError'{0x000000008d0c7a18}: org/flywaydb/core/Flyway> (0x000000008d0c7a18) 
thrown [./src/hotspot/share/oops/constantPool.cpp, line 837]
Event: 10880.508 Thread 0x0000797c8c3bdd40 Exception <a 'java/lang/NoClassDefFoundError'{0x000000008d0c8068}: liquibase/integration/spring/SpringLiquibase> (0x000000008d0c8068) 
thrown [./src/hotspot/share/oops/constantPool.cpp, line 837]
Event: 10880.510 Thread 0x0000797c8c3bdd40 Exception <a 'java/lang/NoClassDefFoundError'{0x000000008d0ff240}: org/jooq/DSLContext> (0x000000008d0ff240) 
thrown [./src/hotspot/share/oops/constantPool.cpp, line 837]
Event: 10880.513 Thread 0x0000797c8c3bdd40 Exception <a 'java/lang/NoClassDefFoundError'{0x000000008cf62408}: org/springframework/batch/core/repository/JobRepository> (0x000000008cf62408) 
thrown [./src/hotspot/share/oops/constantPool.cpp, line 837]
Event: 10880.513 Thread 0x0000797c8c3bdd40 Exception <a 'java/lang/NoClassDefFoundError'{0x000000008cf62a50}: org/quartz/Scheduler> (0x000000008cf62a50) 
thrown [./src/hotspot/share/oops/constantPool.cpp, line 837]
Event: 10880.513 Thread 0x0000797c8c3bdd40 Exception <a 'java/lang/NoClassDefFoundError'{0x000000008cf630c0}: org/springframework/session/jdbc/JdbcIndexedSessionRepository> (0x000000008cf630c0) 
thrown [./src/hotspot/share/oops/constantPool.cpp, line 837]
Event: 10880.554 Thread 0x0000797c8c3bdd40 Exception <a 'java/io/FileNotFoundException'{0x000000008c9a2a78}> (0x000000008c9a2a78) 
thrown [./src/hotspot/share/prims/jni.cpp, line 516]
Event: 10880.845 Thread 0x0000797c8c3bdd40 Exception <a 'java/io/FileNotFoundException'{0x000000008a905600}> (0x000000008a905600) 
thrown [./src/hotspot/share/prims/jni.cpp, line 516]
Event: 10880.845 Thread 0x0000797c8c3bdd40 Exception <a 'java/io/FileNotFoundException'{0x000000008a90c4f0}> (0x000000008a90c4f0) 
thrown [./src/hotspot/share/prims/jni.cpp, line 516]
Event: 10880.846 Thread 0x0000797c8c3bdd40 Exception <a 'java/io/FileNotFoundException'{0x000000008a91b570}> (0x000000008a91b570) 
thrown [./src/hotspot/share/prims/jni.cpp, line 516]
Event: 10880.846 Thread 0x0000797c8c3bdd40 Exception <a 'java/io/FileNotFoundException'{0x000000008a926850}> (0x000000008a926850) 
thrown [./src/hotspot/share/prims/jni.cpp, line 516]
Event: 10880.914 Thread 0x0000797c8c3bdd40 Exception <a 'java/io/FileNotFoundException'{0x000000008f119080}> (0x000000008f119080) 
thrown [./src/hotspot/share/prims/jni.cpp, line 516]
Event: 11107.838 Thread 0x0000797c9c03b4e0 Exception <a 'java/lang/NoSuchMethodError'{0x000000008d1aadb8}: 'java.lang.Object java.lang.invoke.DelegatingMethodHandle$Holder.reinvoke_L(java.lang.Object, java.lang.Object, long, long, java.lang.Object, java.lang.Object, java.lang.Object, java.lang.Object, java.lang.Object, java.lang.Object, java.lang.Object, java.lang.Object, java.lang.Object, java.lang.Object, java.lang.Object, java.lang.Object, int, int, int, java.lang.Object)'> (0x000000008d1aadb8) 
thrown [./src/hotspot/share/interpreter/linkResolv
Event: 11107.853 Thread 0x0000797c9c03b4e0 Exception <a 'java/lang/NoSuchMethodError'{0x000000008d021788}: 'java.lang.Object java.lang.invoke.DelegatingMethodHandle$Holder.reinvoke_L(java.lang.Object, long, long, java.lang.Object, java.lang.Object, java.lang.Object, java.lang.Object, java.lang.Object, java.lang.Object, java.lang.Object, java.lang.Object, java.lang.Object, java.lang.Object, java.lang.Object, java.lang.Object, int, int, int, java.lang.Object)'> (0x000000008d021788) 
thrown [./src/hotspot/share/interpreter/linkResolver.cpp, line 758]
Event: 11107.853 Thread 0x0000797c9c03e650 Exception <a 'java/lang/NoSuchMethodError'{0x000000008d03e478}: 'java.lang.Object java.lang.invoke.DelegatingMethodHandle$Holder.reinvoke_L(java.lang.Object, long, long, java.lang.Object, java.lang.Object, java.lang.Object, java.lang.Object, java.lang.Object, java.lang.Object, java.lang.Object, java.lang.Object, java.lang.Object, java.lang.Object, java.lang.Object, java.lang.Object, int, int, int, java.lang.Object)'> (0x000000008d03e478) 
thrown [./src/hotspot/share/interpreter/linkResolver.cpp, line 758]

VM Operations (20 events):
Event: 12847.161 Executing VM operation: HandshakeAllThreads
Event: 12847.161 Executing VM operation: HandshakeAllThreads done
Event: 12847.162 Executing VM operation: ICBufferFull
Event: 12847.163 Executing VM operation: ICBufferFull done
Event: 12847.176 Executing VM operation: ICBufferFull
Event: 12847.176 Executing VM operation: ICBufferFull done
Event: 12847.198 Executing VM operation: ICBufferFull
Event: 12847.198 Executing VM operation: ICBufferFull done
Event: 12847.209 Executing VM operation: ICBufferFull
Event: 12847.212 Executing VM operation: ICBufferFull done
Event: 12847.224 Executing VM operation: ICBufferFull
Event: 12847.224 Executing VM operation: ICBufferFull done
Event: 12847.231 Executing VM operation: ICBufferFull
Event: 12847.231 Executing VM operation: ICBufferFull done
Event: 12847.239 Executing VM operation: ICBufferFull
Event: 12847.239 Executing VM operation: ICBufferFull done
Event: 12847.263 Executing VM operation: ICBufferFull
Event: 12847.263 Executing VM operation: ICBufferFull done
Event: 12847.348 Executing VM operation: HandshakeAllThreads
Event: 12847.348 Executing VM operation: HandshakeAllThreads done

Memory protections (20 events):
Event: 11421.058 Protecting memory [0x0000797c3bc00000,0x0000797c3bc04000] with protection modes 0
Event: 11757.529 Protecting memory [0x0000797c3bc00000,0x0000797c3bc04000] with protection modes 0
Event: 12242.013 Protecting memory [0x0000797c3bc00000,0x0000797c3bc04000] with protection modes 0
Event: 12242.013 Protecting memory [0x0000797ca56fd000,0x0000797ca5701000] with protection modes 0
Event: 12355.332 Protecting memory [0x0000797ca56fd000,0x0000797ca5701000] with protection modes 0
Event: 12355.338 Protecting memory [0x0000797c3bc00000,0x0000797c3bc04000] with protection modes 0
Event: 12375.013 Protecting memory [0x0000797c3bc00000,0x0000797c3bc04000] with protection modes 0
Event: 12375.014 Protecting memory [0x0000797ca56fd000,0x0000797ca5701000] with protection modes 0
Event: 12483.668 Protecting memory [0x0000797ca56fd000,0x0000797ca5701000] with protection modes 0
Event: 12483.668 Protecting memory [0x0000797c3bc00000,0x0000797c3bc04000] with protection modes 0
Event: 12555.920 Protecting memory [0x0000797c3bc00000,0x0000797c3bc04000] with protection modes 0
Event: 12555.921 Protecting memory [0x0000797ca56fd000,0x0000797ca5701000] with protection modes 0
Event: 12589.512 Protecting memory [0x0000797ca56fd000,0x0000797ca5701000] with protection modes 0
Event: 12589.514 Protecting memory [0x0000797c3bc00000,0x0000797c3bc04000] with protection modes 0
Event: 12625.525 Protecting memory [0x0000797c3bc00000,0x0000797c3bc04000] with protection modes 0
Event: 12625.525 Protecting memory [0x0000797ca56fd000,0x0000797ca5701000] with protection modes 0
Event: 12674.318 Protecting memory [0x0000797ca56fd000,0x0000797ca5701000] with protection modes 0
Event: 12674.319 Protecting memory [0x0000797c3bc00000,0x0000797c3bc04000] with protection modes 0
Event: 12846.673 Protecting memory [0x0000797c3bc00000,0x0000797c3bc04000] with protection modes 0
Event: 12846.675 Protecting memory [0x0000797ca56fd000,0x0000797ca5701000] with protection modes 0

Nmethod flushes (20 events):
Event: 10753.411 Thread 0x0000797d10127080 flushing  nmethod 0x0000797d16e93910
Event: 10753.411 Thread 0x0000797d10127080 flushing  nmethod 0x0000797d16ea9590
Event: 10753.411 Thread 0x0000797d10127080 flushing  nmethod 0x0000797d16ec5d90
Event: 10753.411 Thread 0x0000797d10127080 flushing  nmethod 0x0000797d16efad10
Event: 10753.411 Thread 0x0000797d10127080 flushing  nmethod 0x0000797d16f0b490
Event: 10753.411 Thread 0x0000797d10127080 flushing  nmethod 0x0000797d16f0fb90
Event: 10753.411 Thread 0x0000797d10127080 flushing  nmethod 0x0000797d16f99b10
Event: 10753.411 Thread 0x0000797d10127080 flushing  nmethod 0x0000797d16f9b010
Event: 10753.411 Thread 0x0000797d10127080 flushing  nmethod 0x0000797d16fa0610
Event: 10753.411 Thread 0x0000797d10127080 flushing  nmethod 0x0000797d16fa0990
Event: 11318.715 Thread 0x0000797d10127080 flushing  nmethod 0x0000797d16f53910
Event: 11318.715 Thread 0x0000797d10127080 flushing  nmethod 0x0000797d16f53f10
Event: 11318.715 Thread 0x0000797d10127080 flushing  nmethod 0x0000797d16f6eb90
Event: 11318.716 Thread 0x0000797d10127080 flushing  nmethod 0x0000797d16f93410
Event: 11318.716 Thread 0x0000797d10127080 flushing  nmethod 0x0000797d16f93f10
Event: 11318.716 Thread 0x0000797d10127080 flushing  nmethod 0x0000797d1705e690
Event: 11318.717 Thread 0x0000797d10127080 flushing  nmethod 0x0000797d17078690
Event: 11757.589 Thread 0x0000797d10127080 flushing  nmethod 0x0000797d16f47010
Event: 11757.592 Thread 0x0000797d10127080 flushing  nmethod 0x0000797d17220010
Event: 11757.592 Thread 0x0000797d10127080 flushing  nmethod 0x0000797d17220610

Events (20 events):
Event: 12488.669 Thread 0x0000797ca0053b10 Thread exited: 0x0000797ca0053b10
Event: 12488.720 Thread 0x0000797c88056d80 Thread exited: 0x0000797c88056d80
Event: 12555.920 Thread 0x0000797c9c026d10 Thread added: 0x0000797ca0053b10
Event: 12555.921 Thread 0x0000797ca0053b10 Thread added: 0x0000797c9000f5e0
Event: 12560.921 Thread 0x0000797ca0053b10 Thread exited: 0x0000797ca0053b10
Event: 12560.973 Thread 0x0000797c9000f5e0 Thread exited: 0x0000797c9000f5e0
Event: 12589.512 Thread 0x0000797c9c026d10 Thread added: 0x0000797ca0053b10
Event: 12589.514 Thread 0x0000797ca0053b10 Thread added: 0x0000797c980271a0
Event: 12594.515 Thread 0x0000797ca0053b10 Thread exited: 0x0000797ca0053b10
Event: 12594.582 Thread 0x0000797c980271a0 Thread exited: 0x0000797c980271a0
Event: 12625.525 Thread 0x0000797c9c026d10 Thread added: 0x0000797ca08a6cc0
Event: 12625.525 Thread 0x0000797ca08a6cc0 Thread added: 0x0000797cf0138160
Event: 12632.643 Thread 0x0000797ca08a6cc0 Thread exited: 0x0000797ca08a6cc0
Event: 12632.704 Thread 0x0000797cf0138160 Thread exited: 0x0000797cf0138160
Event: 12674.318 Thread 0x0000797c9c026d10 Thread added: 0x0000797ca08a6940
Event: 12674.319 Thread 0x0000797ca08a6940 Thread added: 0x0000797cf81147a0
Event: 12683.123 Thread 0x0000797ca08a6940 Thread exited: 0x0000797ca08a6940
Event: 12683.179 Thread 0x0000797cf81147a0 Thread exited: 0x0000797cf81147a0
Event: 12846.673 Thread 0x0000797d10125bf0 Thread added: 0x0000797c8c3bc100
Event: 12846.674 Thread 0x0000797d10125bf0 Thread added: 0x0000797c8c3bc760


Dynamic libraries:
85600000-8f400000 rw-p 00000000 00:00 0 
8f400000-ffe00000 ---p 00000000 00:00 0 
ffe00000-ffe75000 rw-p 00c7a000 08:02 12585026                           /usr/lib/jvm/java-17-openjdk-amd64/lib/server/classes.jsa
ffe75000-fff00000 rw-p 00000000 00:00 0 
fff00000-fff78000 rw-p 00c02000 08:02 12585026                           /usr/lib/jvm/java-17-openjdk-amd64/lib/server/classes.jsa
fff78000-100000000 rw-p 00000000 00:00 0 
5959423c3000-5959423c4000 r--p 00000000 08:02 12583957                   /usr/lib/jvm/java-17-openjdk-amd64/bin/java
5959423c4000-5959423c5000 r-xp 00001000 08:02 12583957                   /usr/lib/jvm/java-17-openjdk-amd64/bin/java
5959423c5000-5959423c6000 r--p 00002000 08:02 12583957                   /usr/lib/jvm/java-17-openjdk-amd64/bin/java
5959423c6000-5959423c7000 r--p 00002000 08:02 12583957                   /usr/lib/jvm/java-17-openjdk-amd64/bin/java
5959423c7000-5959423c8000 rw-p 00003000 08:02 12583957                   /usr/lib/jvm/java-17-openjdk-amd64/bin/java
59596ab72000-59596ad0c000 rw-p 00000000 00:00 0                          [heap]
797c3b172000-797c3b400000 rw-p 00000000 00:00 0 
797c3b400000-797c3b404000 ---p 00000000 00:00 0 
797c3b404000-797c3b500000 rw-p 00000000 00:00 0 
797c3b500000-797c3b504000 ---p 00000000 00:00 0 
797c3b504000-797c3b600000 rw-p 00000000 00:00 0 
797c3b600000-797c3b604000 ---p 00000000 00:00 0 
797c3b604000-797c3b700000 rw-p 00000000 00:00 0 
797c3b700000-797c3b704000 ---p 00000000 00:00 0 
797c3b704000-797c3b800000 rw-p 00000000 00:00 0 
797c3b800000-797c3b804000 ---p 00000000 00:00 0 
797c3b804000-797c3b900000 rw-p 00000000 00:00 0 
797c3b900000-797c3b904000 ---p 00000000 00:00 0 
797c3b904000-797c3ba00000 rw-p 00000000 00:00 0 
797c3ba00000-797c3ba04000 ---p 00000000 00:00 0 
797c3ba04000-797c3bb00000 rw-p 00000000 00:00 0 
797c3bb00000-797c3bb04000 ---p 00000000 00:00 0 
797c3bb04000-797c3bc00000 rw-p 00000000 00:00 0 
797c3bc00000-797c3bc04000 ---p 00000000 00:00 0 
797c3bc04000-797c3bd00000 rw-p 00000000 00:00 0 
797c3bd00000-797c3bd04000 ---p 00000000 00:00 0 
797c3bd04000-797c3be00000 rw-p 00000000 00:00 0 
797c3be00000-797c3be04000 ---p 00000000 00:00 0 
797c3be04000-797c3bf00000 rw-p 00000000 00:00 0 
797c3bf00000-797c3bf04000 ---p 00000000 00:00 0 
797c3bf04000-797c3c000000 rw-p 00000000 00:00 0 
797c3c000000-797c3c100000 rw-p 00000000 00:00 0 
797c3c100000-797c3c300000 rw-p 00000000 00:00 0 
797c3c300000-797c3c340000 rw-p 00000000 00:00 0 
797c3c340000-797c3c380000 rw-p 00000000 00:00 0 
797c3c380000-797c3c440000 rw-p 00000000 00:00 0 
797c3c440000-797c3c500000 ---p 00000000 00:00 0 
797c3c500000-797c3c680000 rw-p 00000000 00:00 0 
797c3c680000-797c3c690000 ---p 00000000 00:00 0 
797c3c690000-797c3c6f0000 rw-p 00000000 00:00 0 
797c3c6f0000-797c3c700000 ---p 00000000 00:00 0 
797c3c700000-797c3c710000 rw-p 00000000 00:00 0 
797c3c710000-797c3c720000 ---p 00000000 00:00 0 
797c3c720000-797c3c740000 rw-p 00000000 00:00 0 
797c3c740000-797c3c760000 ---p 00000000 00:00 0 
797c3c760000-797c3c780000 rw-p 00000000 00:00 0 
797c3c780000-797c3c7a0000 ---p 00000000 00:00 0 
797c3c7a0000-797c3c7c0000 rw-p 00000000 00:00 0 
797c3c7c0000-797c3c7d0000 ---p 00000000 00:00 0 
797c3c7d0000-797c3c850000 rw-p 00000000 00:00 0 
797c3c850000-797c3c860000 ---p 00000000 00:00 0 
797c3c860000-797c3c8c0000 rw-p 00000000 00:00 0 
797c3c8c0000-797c3c8e0000 ---p 00000000 00:00 0 
797c3c8e0000-797c3c910000 rw-p 00000000 00:00 0 
797c3c910000-797c3c950000 ---p 00000000 00:00 0 
797c3c950000-797c3c960000 rw-p 00000000 00:00 0 
797c3c960000-797c3c9a0000 ---p 00000000 00:00 0 
797c3c9a0000-797c3c9b0000 rw-p 00000000 00:00 0 
797c3c9b0000-797c3c9e0000 ---p 00000000 00:00 0 
797c3c9e0000-797c3ca10000 rw-p 00000000 00:00 0 
797c3ca10000-797c3ca60000 ---p 00000000 00:00 0 
797c3ca60000-797c3ca80000 rw-p 00000000 00:00 0 
797c3ca80000-797c3cae0000 ---p 00000000 00:00 0 
797c3cae0000-797c3cb00000 rw-p 00000000 00:00 0 
797c3cb00000-797c3cb30000 ---p 00000000 00:00 0 
797c3cb30000-797c3cb50000 rw-p 00000000 00:00 0 
797c3cb50000-797c3cb90000 ---p 00000000 00:00 0 
797c3cb90000-797c3cba0000 rw-p 00000000 00:00 0 
797c3cba0000-797c3cbb0000 ---p 00000000 00:00 0 
797c3cbb0000-797c3cbc0000 rw-p 00000000 00:00 0 
797c3cbc0000-797c3cbd0000 ---p 00000000 00:00 0 
797c3cbd0000-797c3cbe0000 rw-p 00000000 00:00 0 
797c3cbe0000-797c3cc00000 ---p 00000000 00:00 0 
797c3cc00000-797c3cc30000 rw-p 00000000 00:00 0 
797c3cc30000-797c3cc70000 ---p 00000000 00:00 0 
797c3cc70000-797c3cc80000 rw-p 00000000 00:00 0 
797c3cc80000-797c3ccb0000 ---p 00000000 00:00 0 
797c3ccb0000-797c3ccc0000 rw-p 00000000 00:00 0 
797c3ccc0000-797c3ccd0000 ---p 00000000 00:00 0 
797c3ccd0000-797c3cce0000 rw-p 00000000 00:00 0 
797c3cce0000-797c3cd20000 ---p 00000000 00:00 0 
797c3cd20000-797c3cd40000 rw-p 00000000 00:00 0 
797c3cd40000-797c3cd80000 ---p 00000000 00:00 0 
797c3cd80000-797c3cdc0000 rw-p 00000000 00:00 0 
797c3cdc0000-797c3ce70000 ---p 00000000 00:00 0 
797c3ce70000-797c3ce90000 rw-p 00000000 00:00 0 
797c3ce90000-797c3cea0000 ---p 00000000 00:00 0 
797c3cea0000-797c3cec0000 rw-p 00000000 00:00 0 
797c3cec0000-797c3cee0000 ---p 00000000 00:00 0 
797c3cee0000-797c3cef0000 rw-p 00000000 00:00 0 
797c3cef0000-797c3cf60000 ---p 00000000 00:00 0 
797c3cf60000-797c3cf80000 rw-p 00000000 00:00 0 
797c3cf80000-797c3cf90000 ---p 00000000 00:00 0 
797c3cf90000-797c3cfa0000 rw-p 00000000 00:00 0 
797c3cfa0000-797c3cfd0000 ---p 00000000 00:00 0 
797c3cfd0000-797c3cff0000 rw-p 00000000 00:00 0 
797c3cff0000-797c3d020000 ---p 00000000 00:00 0 
797c3d020000-797c3d030000 rw-p 00000000 00:00 0 
797c3d030000-797c3d0b0000 ---p 00000000 00:00 0 
797c3d0b0000-797c3d0c0000 rw-p 00000000 00:00 0 
797c3d0c0000-797c3d0d0000 ---p 00000000 00:00 0 
797c3d0d0000-797c3d0e0000 rw-p 00000000 00:00 0 
797c3d0e0000-797c3d100000 ---p 00000000 00:00 0 
797c3d100000-797c3d110000 rw-p 00000000 00:00 0 
797c3d110000-797c3d140000 ---p 00000000 00:00 0 
797c3d140000-797c3d150000 rw-p 00000000 00:00 0 
797c3d150000-797c3d190000 ---p 00000000 00:00 0 
797c3d190000-797c3d1a0000 rw-p 00000000 00:00 0 
797c3d1a0000-797c3d1e0000 ---p 00000000 00:00 0 
797c3d1e0000-797c3d200000 rw-p 00000000 00:00 0 
797c3d200000-797c3d210000 ---p 00000000 00:00 0 
797c3d210000-797c3d230000 rw-p 00000000 00:00 0 
797c3d230000-797c3d240000 ---p 00000000 00:00 0 
797c3d240000-797c3d250000 rw-p 00000000 00:00 0 
797c3d250000-797c3d290000 ---p 00000000 00:00 0 
797c3d290000-797c3d2a0000 rw-p 00000000 00:00 0 
797c3d2a0000-797c3d310000 ---p 00000000 00:00 0 
797c3d310000-797c3d320000 rw-p 00000000 00:00 0 
797c3d320000-797c3d330000 ---p 00000000 00:00 0 
797c3d330000-797c3d340000 rw-p 00000000 00:00 0 
797c3d340000-797c3d3b0000 ---p 00000000 00:00 0 
797c3d3b0000-797c3d3c0000 rw-p 00000000 00:00 0 
797c3d3c0000-797c3d3d0000 ---p 00000000 00:00 0 
797c3d3d0000-797c3d3f0000 rw-p 00000000 00:00 0 
797c3d3f0000-797c3d440000 ---p 00000000 00:00 0 
797c3d440000-797c3d460000 rw-p 00000000 00:00 0 
797c3d460000-797c3d470000 ---p 00000000 00:00 0 
797c3d470000-797c3d490000 rw-p 00000000 00:00 0 
797c3d490000-797c3d4a0000 ---p 00000000 00:00 0 
797c3d4a0000-797c3d4c0000 rw-p 00000000 00:00 0 
797c3d4c0000-797c3d4d0000 ---p 00000000 00:00 0 
797c3d4d0000-797c3d4e0000 rw-p 00000000 00:00 0 
797c3d4e0000-797c3d4f0000 ---p 00000000 00:00 0 
797c3d4f0000-797c3d510000 rw-p 00000000 00:00 0 
797c3d510000-797c3d520000 ---p 00000000 00:00 0 
797c3d520000-797c3d530000 rw-p 00000000 00:00 0 
797c3d530000-797c3d570000 ---p 00000000 00:00 0 
797c3d570000-797c3d590000 rw-p 00000000 00:00 0 
797c3d590000-797c3d5a0000 ---p 00000000 00:00 0 
797c3d5a0000-797c3d5c0000 rw-p 00000000 00:00 0 
797c3d5c0000-797c3d5f0000 ---p 00000000 00:00 0 
797c3d5f0000-797c3d600000 rw-p 00000000 00:00 0 
797c3d600000-797c3d630000 ---p 00000000 00:00 0 
797c3d630000-797c3d640000 rw-p 00000000 00:00 0 
797c3d640000-797c3d680000 ---p 00000000 00:00 0 
797c3d680000-797c3d690000 rw-p 00000000 00:00 0 
797c3d690000-797c3d6c0000 ---p 00000000 00:00 0 
797c3d6c0000-797c3d6d0000 rw-p 00000000 00:00 0 
797c3d6d0000-797c3d6e0000 ---p 00000000 00:00 0 
797c3d6e0000-797c3d6f0000 rw-p 00000000 00:00 0 
797c3d6f0000-797c3d710000 ---p 00000000 00:00 0 
797c3d710000-797c3d740000 rw-p 00000000 00:00 0 
797c3d740000-797c3d770000 ---p 00000000 00:00 0 
797c3d770000-797c3d790000 rw-p 00000000 00:00 0 
797c3d790000-797c3d7a0000 ---p 00000000 00:00 0 
797c3d7a0000-797c3d7b0000 rw-p 00000000 00:00 0 
797c3d7b0000-797c3d810000 ---p 00000000 00:00 0 
797c3d810000-797c3d840000 rw-p 00000000 00:00 0 
797c3d840000-797c3d850000 ---p 00000000 00:00 0 
797c3d850000-797c3d870000 rw-p 00000000 00:00 0 
797c3d870000-797c3d880000 ---p 00000000 00:00 0 
797c3d880000-797c3d890000 rw-p 00000000 00:00 0 
797c3d890000-797c3d8a0000 ---p 00000000 00:00 0 
797c3d8a0000-797c3d8c0000 rw-p 00000000 00:00 0 
797c3d8c0000-797c3d8e0000 ---p 00000000 00:00 0 
797c3d8e0000-797c3d8f0000 rw-p 00000000 00:00 0 
797c3d8f0000-797c3d900000 ---p 00000000 00:00 0 
797c3d900000-797c3e220000 rw-p 00000000 00:00 0 
797c3e220000-797c40000000 ---p 00000000 00:00 0 
797c40000000-797c406f1000 rw-p 00000000 00:00 0 
797c406f1000-797c44000000 ---p 00000000 00:00 0 
797c44000000-797c44232000 rw-p 00000000 00:00 0 
797c44232000-797c48000000 ---p 00000000 00:00 0 
797c48000000-797c48217000 rw-p 00000000 00:00 0 
797c48217000-797c4c000000 ---p 00000000 00:00 0 
797c4c000000-797c4c151000 rw-p 00000000 00:00 0 
797c4c151000-797c50000000 ---p 00000000 00:00 0 
797c50000000-797c502f8000 rw-p 00000000 00:00 0 
797c502f8000-797c54000000 ---p 00000000 00:00 0 
797c54000000-797c541b2000 rw-p 00000000 00:00 0 
797c541b2000-797c58000000 ---p 00000000 00:00 0 
797c58000000-797c58464000 rw-p 00000000 00:00 0 
797c58464000-797c5c000000 ---p 00000000 00:00 0 
797c5c000000-797c5c219000 rw-p 00000000 00:00 0 
797c5c219000-797c60000000 ---p 00000000 00:00 0 
797c60000000-797c60170000 rw-p 00000000 00:00 0 
797c60170000-797c64000000 ---p 00000000 00:00 0 
797c64000000-797c6450c000 rw-p 00000000 00:00 0 
797c6450c000-797c68000000 ---p 00000000 00:00 0 
797c68000000-797c680f8000 rw-p 00000000 00:00 0 
797c680f8000-797c6c000000 ---p 00000000 00:00 0 
797c6c000000-797c6da08000 rw-p 00000000 00:00 0 
797c6da08000-797c70000000 ---p 00000000 00:00 0 
797c70000000-797c70193000 rw-p 00000000 00:00 0 
797c70193000-797c74000000 ---p 00000000 00:00 0 
797c74000000-797c74159000 rw-p 00000000 00:00 0 
797c74159000-797c78000000 ---p 00000000 00:00 0 
797c78000000-797c780c5000 rw-p 00000000 00:00 0 
797c780c5000-797c7c000000 ---p 00000000 00:00 0 
797c7c000000-797c7c124000 rw-p 00000000 00:00 0 
797c7c124000-797c80000000 ---p 00000000 00:00 0 
797c80000000-797c80323000 rw-p 00000000 00:00 0 
797c80323000-797c84000000 ---p 00000000 00:00 0 
797c84000000-797c8414b000 rw-p 00000000 00:00 0 
797c8414b000-797c88000000 ---p 00000000 00:00 0 
797c88000000-797c88108000 rw-p 00000000 00:00 0 
797c88108000-797c8c000000 ---p 00000000 00:00 0 
797c8c000000-797c8cc7c000 rw-p 00000000 00:00 0 
797c8cc7c000-797c90000000 ---p 00000000 00:00 0 
797c90000000-797c90073000 rw-p 00000000 00:00 0 
797c90073000-797c94000000 ---p 00000000 00:00 0 
797c94000000-797c9414c000 rw-p 00000000 00:00 0 
797c9414c000-797c98000000 ---p 00000000 00:00 0 
797c98000000-797c980be000 rw-p 00000000 00:00 0 
797c980be000-797c9c000000 ---p 00000000 00:00 0 
797c9c000000-797c9c213000 rw-p 00000000 00:00 0 
797c9c213000-797ca0000000 ---p 00000000 00:00 0 
797ca0000000-797ca0fc0000 rw-p 00000000 00:00 0 
797ca0fc0000-797ca4000000 ---p 00000000 00:00 0 
797ca40fd000-797ca4101000 ---p 00000000 00:00 0 
797ca4101000-797ca41fd000 rw-p 00000000 00:00 0 
797ca41fd000-797ca4201000 ---p 00000000 00:00 0 
797ca4201000-797ca42fd000 rw-p 00000000 00:00 0 
797ca42fd000-797ca4301000 ---p 00000000 00:00 0 
797ca4301000-797ca43fd000 rw-p 00000000 00:00 0 
797ca43fd000-797ca4401000 ---p 00000000 00:00 0 
797ca4401000-797ca44fd000 rw-p 00000000 00:00 0 
797ca44fd000-797ca4501000 ---p 00000000 00:00 0 
797ca4501000-797ca45fd000 rw-p 00000000 00:00 0 
797ca45fd000-797ca4601000 ---p 00000000 00:00 0 
797ca4601000-797ca46fd000 rw-p 00000000 00:00 0 
797ca46fd000-797ca4701000 ---p 00000000 00:00 0 
797ca4701000-797ca47fd000 rw-p 00000000 00:00 0 
797ca47fd000-797ca4801000 ---p 00000000 00:00 0 
797ca4801000-797ca48fd000 rw-p 00000000 00:00 0 
797ca48fd000-797ca4901000 ---p 00000000 00:00 0 
797ca4901000-797ca49fd000 rw-p 00000000 00:00 0 
797ca49fd000-797ca4a01000 ---p 00000000 00:00 0 
797ca4a01000-797ca4afd000 rw-p 00000000 00:00 0 
797ca4afd000-797ca4b01000 ---p 00000000 00:00 0 
797ca4b01000-797ca4bfd000 rw-p 00000000 00:00 0 
797ca4bfd000-797ca4c01000 ---p 00000000 00:00 0 
797ca4c01000-797ca4cfd000 rw-p 00000000 00:00 0 
797ca4cfd000-797ca4d01000 ---p 00000000 00:00 0 
797ca4d01000-797ca4dfd000 rw-p 00000000 00:00 0 
797ca4dfd000-797ca4e01000 ---p 00000000 00:00 0 
797ca4e01000-797ca4efd000 rw-p 00000000 00:00 0 
797ca4efd000-797ca4f01000 ---p 00000000 00:00 0 
797ca4f01000-797ca4ffd000 rw-p 00000000 00:00 0 
797ca4ffd000-797ca5001000 ---p 00000000 00:00 0 
797ca5001000-797ca50fd000 rw-p 00000000 00:00 0 
797ca50fd000-797ca5101000 ---p 00000000 00:00 0 
797ca5101000-797ca51fd000 rw-p 00000000 00:00 0 
797ca51fd000-797ca5201000 ---p 00000000 00:00 0 
797ca5201000-797ca52fd000 rw-p 00000000 00:00 0 
797ca52fd000-797ca5301000 ---p 00000000 00:00 0 
797ca5301000-797ca53fd000 rw-p 00000000 00:00 0 
797ca53fd000-797ca5401000 ---p 00000000 00:00 0 
797ca5401000-797ca54fd000 rw-p 00000000 00:00 0 
797ca54fd000-797ca5501000 ---p 00000000 00:00 0 
797ca5501000-797ca55fd000 rw-p 00000000 00:00 0 
797ca55fd000-797ca5601000 ---p 00000000 00:00 0 
797ca5601000-797ca56fd000 rw-p 00000000 00:00 0 
797ca56fd000-797ca5701000 ---p 00000000 00:00 0 
797ca5701000-797ca57fd000 rw-p 00000000 00:00 0 
797ca57fd000-797ca5801000 ---p 00000000 00:00 0 
797ca5801000-797ca58fd000 rw-p 00000000 00:00 0 
797ca58fd000-797ca5901000 ---p 00000000 00:00 0 
797ca5901000-797ca59fd000 rw-p 00000000 00:00 0 
797ca59fd000-797ca5a01000 ---p 00000000 00:00 0 
797ca5a01000-797ca5afd000 rw-p 00000000 00:00 0 
797ca5afd000-797ca5b01000 ---p 00000000 00:00 0 
797ca5b01000-797ca5bfd000 rw-p 00000000 00:00 0 
797ca5bfd000-797ca5c01000 ---p 00000000 00:00 0 
797ca5c01000-797ca5cfd000 rw-p 00000000 00:00 0 
797ca5cfd000-797ca5d01000 ---p 00000000 00:00 0 
797ca5d01000-797ca5dfd000 rw-p 00000000 00:00 0 
797ca5dfd000-797ca5e01000 ---p 00000000 00:00 0 
797ca5e01000-797ca5efd000 rw-p 00000000 00:00 0 
797ca5efd000-797ca5f01000 ---p 00000000 00:00 0 
797ca5f01000-797ca5ffd000 rw-p 00000000 00:00 0 
797ca5ffd000-797ca6001000 ---p 00000000 00:00 0 
797ca6001000-797ca60fd000 rw-p 00000000 00:00 0 
797ca60fd000-797ca6101000 ---p 00000000 00:00 0 
797ca6101000-797ca61fd000 rw-p 00000000 00:00 0 
797ca61fd000-797ca6201000 ---p 00000000 00:00 0 
797ca6201000-797ca62fd000 rw-p 00000000 00:00 0 
797ca62fd000-797ca6301000 ---p 00000000 00:00 0 
797ca6301000-797ca63fd000 rw-p 00000000 00:00 0 
797ca63fd000-797ca6401000 ---p 00000000 00:00 0 
797ca6401000-797ca64fd000 rw-p 00000000 00:00 0 
797ca64fd000-797ca6501000 ---p 00000000 00:00 0 
797ca6501000-797ca65fd000 rw-p 00000000 00:00 0 
797ca65fd000-797ca6601000 ---p 00000000 00:00 0 
797ca6601000-797ca66fd000 rw-p 00000000 00:00 0 
797ca66fd000-797ca6701000 ---p 00000000 00:00 0 
797ca6701000-797ca67fd000 rw-p 00000000 00:00 0 
797ca67fd000-797ca67fe000 ---p 00000000 00:00 0 
797ca67fe000-797ca68fe000 rw-p 00000000 00:00 0 
797ca68fe000-797ca6902000 ---p 00000000 00:00 0 
797ca6902000-797ca69fe000 rw-p 00000000 00:00 0 
797ca69fe000-797ca6a02000 ---p 00000000 00:00 0 
797ca6a02000-797ca6afe000 rw-p 00000000 00:00 0 
797ca6afe000-797ca6b02000 ---p 00000000 00:00 0 
797ca6b02000-797ca6bfe000 rw-p 00000000 00:00 0 
797ca6bfe000-797ca6bff000 ---p 00000000 00:00 0 
797ca6bff000-797ca6cff000 rw-p 00000000 00:00 0 
797ca6cff000-797ca6d03000 ---p 00000000 00:00 0 
797ca6d03000-797ca6dff000 rw-p 00000000 00:00 0 
797ca6dff000-797ca6e03000 ---p 00000000 00:00 0 
797ca6e03000-797ca6eff000 rw-p 00000000 00:00 0 
797ca6eff000-797ca6f00000 ---p 00000000 00:00 0 
797ca6f00000-797ca7000000 rw-p 00000000 00:00 0 
797ca7000000-797ca7400000 rw-p 00000000 00:00 0 
797ca7400000-797ca8780000 rw-p 00000000 00:00 0 
797ca8780000-797ca8800000 rw-p 00000000 00:00 0 
797ca8800000-797ca8f80000 rw-p 00000000 00:00 0 
797ca8f80000-797ca9000000 rw-p 00000000 00:00 0 
797ca9000000-797ca9100000 rw-p 00000000 00:00 0 
797ca9100000-797ca9200000 rw-p 00000000 00:00 0 
797ca9200000-797cab000000 rw-p 00000000 00:00 0 
797cab000000-797cabbca000 rw-p 00001000 08:02 12585026                   /usr/lib/jvm/java-17-openjdk-amd64/lib/server/classes.jsa
797cabbca000-797cac000000 ---p 00000000 00:00 0 
797cac000000-797cac040000 rw-p 00000000 00:00 0 
797cac040000-797cac080000 rw-p 00000000 00:00 0 
797cac080000-797cac0e0000 rw-p 00000000 00:00 0 
797cac0e0000-797cac100000 rw-p 00000000 00:00 0 
797cac100000-797cac240000 rw-p 00000000 00:00 0 
797cac240000-797cac440000 rw-p 00000000 00:00 0 
797cac440000-797cac480000 rw-p 00000000 00:00 0 
797cac480000-797cacbc0000 rw-p 00000000 00:00 0 
797cacbc0000-797cacc30000 rw-p 00000000 00:00 0 
797cacc30000-797cacc40000 ---p 00000000 00:00 0 
797cacc40000-797cacce0000 rw-p 00000000 00:00 0 
797cacce0000-797caccf0000 ---p 00000000 00:00 0 
797caccf0000-797cacd50000 rw-p 00000000 00:00 0 
797cacd50000-797cacd60000 ---p 00000000 00:00 0 
797cacd60000-797cacda0000 rw-p 00000000 00:00 0 
797cacda0000-797cacdb0000 ---p 00000000 00:00 0 
797cacdb0000-797cacde0000 rw-p 00000000 00:00 0 
797cacde0000-797cacdf0000 ---p 00000000 00:00 0 
797cacdf0000-797cace40000 rw-p 00000000 00:00 0 
797cace40000-797cace50000 ---p 00000000 00:00 0 
797cace50000-797cacfd0000 rw-p 00000000 00:00 0 
797cacfd0000-797cec000000 ---p 00000000 00:00 0 
797cec000000-797cec10f000 rw-p 00000000 00:00 0 
797cec10f000-797cf0000000 ---p 00000000 00:00 0 
797cf0000000-797cf0163000 rw-p 00000000 00:00 0 
797cf0163000-797cf4000000 ---p 00000000 00:00 0 
797cf4000000-797cf4104000 rw-p 00000000 00:00 0 
797cf4104000-797cf8000000 ---p 00000000 00:00 0 
797cf8000000-797cf815c000 rw-p 00000000 00:00 0 
797cf815c000-797cfc000000 ---p 00000000 00:00 0 
797cfc000000-797cfc0fa000 rw-p 00000000 00:00 0 
797cfc0fa000-797d00000000 ---p 00000000 00:00 0 
797d000fe000-797d000ff000 ---p 00000000 00:00 0 
797d000ff000-797d001ff000 rw-p 00000000 00:00 0 
797d001ff000-797d00203000 ---p 00000000 00:00 0 
797d00203000-797d002ff000 rw-p 00000000 00:00 0 
797d002ff000-797d00300000 ---p 00000000 00:00 0 
797d00300000-797d00400000 rw-p 00000000 00:00 0 
797d00400000-797d00404000 ---p 00000000 00:00 0 
797d00404000-797d00500000 rw-p 00000000 00:00 0 
797d00500000-797d00504000 ---p 00000000 00:00 0 
797d00504000-797d00600000 rw-p 00000000 00:00 0 
797d00600000-797d00604000 ---p 00000000 00:00 0 
797d00604000-797d00700000 rw-p 00000000 00:00 0 
797d00700000-797d00704000 ---p 00000000 00:00 0 
797d00704000-797d00800000 rw-p 00000000 00:00 0 
797d00800000-797d00804000 ---p 00000000 00:00 0 
797d00804000-797d00900000 rw-p 00000000 00:00 0 
797d00900000-797d00904000 ---p 00000000 00:00 0 
797d00904000-797d00a00000 rw-p 00000000 00:00 0 
797d00a00000-797d00f75000 r--p 00000000 08:02 11534373                   /usr/lib/locale/locale-archive
797d01028000-797d0102c000 ---p 00000000 00:00 0 
797d0102c000-797d01128000 rw-p 00000000 00:00 0 
797d01128000-797d0112c000 ---p 00000000 00:00 0 
797d0112c000-797d01228000 rw-p 00000000 00:00 0 
797d01228000-797d01229000 ---p 00000000 00:00 0 
797d01229000-797d01329000 rw-p 00000000 00:00 0 
797d01329000-797d0132e000 r--p 00000000 08:02 12585008                   /usr/lib/jvm/java-17-openjdk-amd64/lib/libjsvml.so
797d0132e000-797d0136f000 r-xp 00005000 08:02 12585008                   /usr/lib/jvm/java-17-openjdk-amd64/lib/libjsvml.so
797d0136f000-797d013f8000 r--p 00046000 08:02 12585008                   /usr/lib/jvm/java-17-openjdk-amd64/lib/libjsvml.so
797d013f8000-797d013f9000 r--p 000ce000 08:02 12585008                   /usr/lib/jvm/java-17-openjdk-amd64/lib/libjsvml.so
797d013f9000-797d013fa000 rw-p 000cf000 08:02 12585008                   /usr/lib/jvm/java-17-openjdk-amd64/lib/libjsvml.so
797d013fa000-797d013fb000 ---p 00000000 00:00 0 
797d013fb000-797d014fb000 rw-p 00000000 00:00 0 
797d014fb000-797d014fc000 ---p 00000000 00:00 0 
797d014fc000-797d015fc000 rw-p 00000000 00:00 0 
797d015fc000-797d03a00000 rw-p 00000000 00:00 0 
797d03a30000-797d03a31000 ---p 00000000 00:00 0 
797d03a31000-797d03b31000 rw-p 00000000 00:00 0 
797d03b31000-797d03da9000 rw-p 00000000 00:00 0 
797d03da9000-797d059d1000 ---p 00000000 00:00 0 
797d059d1000-797d05c51000 rw-p 00000000 00:00 0 
797d05c51000-797d07879000 ---p 00000000 00:00 0 
797d07879000-797d078d0000 rw-p 00000000 00:00 0 
797d078d0000-797d07c55000 ---p 00000000 00:00 0 
797d07c55000-797d07ca5000 rw-p 00000000 00:00 0 
797d07ca5000-797d0802a000 ---p 00000000 00:00 0 
797d0802a000-797d0807a000 rw-p 00000000 00:00 0 
797d0807a000-797d083ff000 ---p 00000000 00:00 0 
797d083ff000-797d08400000 rw-p 00000000 00:00 0 
797d08400000-797d0fed2000 r--s 00000000 08:02 12585025                   /usr/lib/jvm/java-17-openjdk-amd64/lib/modules
797d0feff000-797d0ff00000 ---p 00000000 00:00 0 
797d0ff00000-797d10000000 rw-p 00000000 00:00 0 
797d10000000-797d1074e000 rw-p 00000000 00:00 0 
797d1074e000-797d14000000 ---p 00000000 00:00 0 
797d14021000-797d140fb000 rw-p 00000000 00:00 0 
797d140fb000-797d140fc000 ---p 00000000 00:00 0 
797d140fc000-797d141fc000 rw-p 00000000 00:00 0 
797d141fc000-797d14600000 rw-p 00000000 00:00 0 
797d14600000-797d173a0000 rwxp 00000000 00:00 0 
797d173a0000-797d17600000 ---p 00000000 00:00 0 
797d1761b000-797d17622000 r--s 00000000 08:02 11572565                   /usr/lib/x86_64-linux-gnu/gconv/gconv-modules.cache
797d17622000-797d17700000 rw-p 00000000 00:00 0 
797d17700000-797d17704000 ---p 00000000 00:00 0 
797d17704000-797d17800000 rw-p 00000000 00:00 0 
797d17800000-797d1789d000 r--p 00000000 08:02 11546357                   /usr/lib/x86_64-linux-gnu/libstdc++.so.6.0.33
797d1789d000-797d179e5000 r-xp 0009d000 08:02 11546357                   /usr/lib/x86_64-linux-gnu/libstdc++.so.6.0.33
797d179e5000-797d17a6c000 r--p 001e5000 08:02 11546357                   /usr/lib/x86_64-linux-gnu/libstdc++.so.6.0.33
797d17a6c000-797d17a77000 r--p 0026b000 08:02 11546357                   /usr/lib/x86_64-linux-gnu/libstdc++.so.6.0.33
797d17a77000-797d17a7a000 rw-p 00276000 08:02 11546357                   /usr/lib/x86_64-linux-gnu/libstdc++.so.6.0.33
797d17a7a000-797d17a7e000 rw-p 00000000 00:00 0 
797d17a84000-797d17a85000 r--p 00000000 08:02 11546208                   /usr/lib/x86_64-linux-gnu/libnss_mdns4_minimal.so.2
797d17a85000-797d17a87000 r-xp 00001000 08:02 11546208                   /usr/lib/x86_64-linux-gnu/libnss_mdns4_minimal.so.2
797d17a87000-797d17a88000 r--p 00003000 08:02 11546208                   /usr/lib/x86_64-linux-gnu/libnss_mdns4_minimal.so.2
797d17a88000-797d17a89000 r--p 00003000 08:02 11546208                   /usr/lib/x86_64-linux-gnu/libnss_mdns4_minimal.so.2
797d17a89000-797d17a8a000 rw-p 00004000 08:02 11546208                   /usr/lib/x86_64-linux-gnu/libnss_mdns4_minimal.so.2
797d17a8a000-797d17a8b000 r--p 00000000 08:02 12584994                   /usr/lib/jvm/java-17-openjdk-amd64/lib/libextnet.so
797d17a8b000-797d17a8c000 r-xp 00001000 08:02 12584994                   /usr/lib/jvm/java-17-openjdk-amd64/lib/libextnet.so
797d17a8c000-797d17a8d000 r--p 00002000 08:02 12584994                   /usr/lib/jvm/java-17-openjdk-amd64/lib/libextnet.so
797d17a8d000-797d17a8e000 r--p 00002000 08:02 12584994                   /usr/lib/jvm/java-17-openjdk-amd64/lib/libextnet.so
797d17a8e000-797d17a8f000 rw-p 00003000 08:02 12584994                   /usr/lib/jvm/java-17-openjdk-amd64/lib/libextnet.so
797d17a8f000-797d17a93000 r--p 00000000 08:02 12585023                   /usr/lib/jvm/java-17-openjdk-amd64/lib/libverify.so
797d17a93000-797d17a9a000 r-xp 00004000 08:02 12585023                   /usr/lib/jvm/java-17-openjdk-amd64/lib/libverify.so
797d17a9a000-797d17a9c000 r--p 0000b000 08:02 12585023                   /usr/lib/jvm/java-17-openjdk-amd64/lib/libverify.so
797d17a9c000-797d17a9e000 r--p 0000c000 08:02 12585023                   /usr/lib/jvm/java-17-openjdk-amd64/lib/libverify.so
797d17a9e000-797d17a9f000 rw-p 0000e000 08:02 12585023                   /usr/lib/jvm/java-17-openjdk-amd64/lib/libverify.so
797d17a9f000-797d17aa3000 r--p 00000000 08:02 12585016                   /usr/lib/jvm/java-17-openjdk-amd64/lib/libnet.so
797d17aa3000-797d17ab1000 r-xp 00004000 08:02 12585016                   /usr/lib/jvm/java-17-openjdk-amd64/lib/libnet.so
797d17ab1000-797d17ab5000 r--p 00012000 08:02 12585016                   /usr/lib/jvm/java-17-openjdk-amd64/lib/libnet.so
797d17ab5000-797d17ab6000 r--p 00015000 08:02 12585016                   /usr/lib/jvm/java-17-openjdk-amd64/lib/libnet.so
797d17ab6000-797d17ab7000 rw-p 00016000 08:02 12585016                   /usr/lib/jvm/java-17-openjdk-amd64/lib/libnet.so
797d17ab7000-797d17b13000 rw-p 00000000 00:00 0 
797d17b13000-797d17b17000 ---p 00000000 00:00 0 
797d17b17000-797d17b27000 r--p 00000000 08:02 11572579                   /usr/lib/x86_64-linux-gnu/libm.so.6
797d17b27000-797d17ba6000 r-xp 00010000 08:02 11572579                   /usr/lib/x86_64-linux-gnu/libm.so.6
797d17ba6000-797d17bfe000 r--p 0008f000 08:02 11572579                   /usr/lib/x86_64-linux-gnu/libm.so.6
797d17bfe000-797d17bff000 r--p 000e7000 08:02 11572579                   /usr/lib/x86_64-linux-gnu/libm.so.6
797d17bff000-797d17c00000 rw-p 000e8000 08:02 11572579                   /usr/lib/x86_64-linux-gnu/libm.so.6
797d17c00000-797d17e51000 r--p 00000000 08:02 12585030                   /usr/lib/jvm/java-17-openjdk-amd64/lib/server/libjvm.so
797d17e51000-797d18bc3000 r-xp 00251000 08:02 12585030                   /usr/lib/jvm/java-17-openjdk-amd64/lib/server/libjvm.so
797d18bc3000-797d18e44000 r--p 00fc3000 08:02 12585030                   /usr/lib/jvm/java-17-openjdk-amd64/lib/server/libjvm.so
797d18e44000-797d18efc000 r--p 01244000 08:02 12585030                   /usr/lib/jvm/java-17-openjdk-amd64/lib/server/libjvm.so
797d18efc000-797d18f31000 rw-p 012fc000 08:02 12585030                   /usr/lib/jvm/java-17-openjdk-amd64/lib/server/libjvm.so
797d18f31000-797d18f8b000 rw-p 00000000 00:00 0 
797d18f8c000-797d18f8e000 r--p 00000000 08:02 12585014                   /usr/lib/jvm/java-17-openjdk-amd64/lib/libmanagement_ext.so
797d18f8e000-797d18f91000 r-xp 00002000 08:02 12585014                   /usr/lib/jvm/java-17-openjdk-amd64/lib/libmanagement_ext.so
797d18f91000-797d18f93000 r--p 00005000 08:02 12585014                   /usr/lib/jvm/java-17-openjdk-amd64/lib/libmanagement_ext.so
797d18f93000-797d18f94000 r--p 00006000 08:02 12585014                   /usr/lib/jvm/java-17-openjdk-amd64/lib/libmanagement_ext.so
797d18f94000-797d18f95000 rw-p 00007000 08:02 12585014                   /usr/lib/jvm/java-17-openjdk-amd64/lib/libmanagement_ext.so
797d18f95000-797d18f9c000 r--p 00000000 08:02 12585017                   /usr/lib/jvm/java-17-openjdk-amd64/lib/libnio.so
797d18f9c000-797d18fa5000 r-xp 00007000 08:02 12585017                   /usr/lib/jvm/java-17-openjdk-amd64/lib/libnio.so
797d18fa5000-797d18fa9000 r--p 00010000 08:02 12585017                   /usr/lib/jvm/java-17-openjdk-amd64/lib/libnio.so
797d18fa9000-797d18faa000 r--p 00014000 08:02 12585017                   /usr/lib/jvm/java-17-openjdk-amd64/lib/libnio.so
797d18faa000-797d18fab000 rw-p 00015000 08:02 12585017                   /usr/lib/jvm/java-17-openjdk-amd64/lib/libnio.so
797d18fab000-797d18fb7000 r--p 00000000 08:02 12585001                   /usr/lib/jvm/java-17-openjdk-amd64/lib/libjava.so
797d18fb7000-797d18fc9000 r-xp 0000c000 08:02 12585001                   /usr/lib/jvm/java-17-openjdk-amd64/lib/libjava.so
797d18fc9000-797d18fcf000 r--p 0001e000 08:02 12585001                   /usr/lib/jvm/java-17-openjdk-amd64/lib/libjava.so
797d18fcf000-797d18fd0000 r--p 00023000 08:02 12585001                   /usr/lib/jvm/java-17-openjdk-amd64/lib/libjava.so
797d18fd0000-797d18fd1000 rw-p 00024000 08:02 12585001                   /usr/lib/jvm/java-17-openjdk-amd64/lib/libjava.so
797d18fd1000-797d18fd2000 rw-p 00000000 00:00 0 
797d18fd2000-797d18fd6000 r--p 00000000 08:02 11545964                   /usr/lib/x86_64-linux-gnu/libgcc_s.so.1
797d18fd6000-797d18ffa000 r-xp 00004000 08:02 11545964                   /usr/lib/x86_64-linux-gnu/libgcc_s.so.1
797d18ffa000-797d18ffe000 r--p 00028000 08:02 11545964                   /usr/lib/x86_64-linux-gnu/libgcc_s.so.1
797d18ffe000-797d18fff000 r--p 0002b000 08:02 11545964                   /usr/lib/x86_64-linux-gnu/libgcc_s.so.1
797d18fff000-797d19000000 rw-p 0002c000 08:02 11545964                   /usr/lib/x86_64-linux-gnu/libgcc_s.so.1
797d19000000-797d19028000 r--p 00000000 08:02 11572576                   /usr/lib/x86_64-linux-gnu/libc.so.6
797d19028000-797d191b0000 r-xp 00028000 08:02 11572576                   /usr/lib/x86_64-linux-gnu/libc.so.6
797d191b0000-797d191ff000 r--p 001b0000 08:02 11572576                   /usr/lib/x86_64-linux-gnu/libc.so.6
797d191ff000-797d19203000 r--p 001fe000 08:02 11572576                   /usr/lib/x86_64-linux-gnu/libc.so.6
797d19203000-797d19205000 rw-p 00202000 08:02 11572576                   /usr/lib/x86_64-linux-gnu/libc.so.6
797d19205000-797d19212000 rw-p 00000000 00:00 0 
797d19215000-797d19217000 r--p 00000000 08:02 12585024                   /usr/lib/jvm/java-17-openjdk-amd64/lib/libzip.so
797d19217000-797d1921c000 r-xp 00002000 08:02 12585024                   /usr/lib/jvm/java-17-openjdk-amd64/lib/libzip.so
797d1921c000-797d1921e000 r--p 00007000 08:02 12585024                   /usr/lib/jvm/java-17-openjdk-amd64/lib/libzip.so
797d1921e000-797d1921f000 r--p 00008000 08:02 12585024                   /usr/lib/jvm/java-17-openjdk-amd64/lib/libzip.so
797d1921f000-797d19220000 rw-p 00009000 08:02 12585024                   /usr/lib/jvm/java-17-openjdk-amd64/lib/libzip.so
797d19220000-797d19228000 rw-s 00000000 08:02 11571688                   /tmp/hsperfdata_lap/35541
797d19228000-797d1922a000 rw-p 00000000 00:00 0 
797d1922a000-797d1922c000 r--p 00000000 08:02 12585005                   /usr/lib/jvm/java-17-openjdk-amd64/lib/libjli.so
797d1922c000-797d19236000 r-xp 00002000 08:02 12585005                   /usr/lib/jvm/java-17-openjdk-amd64/lib/libjli.so
797d19236000-797d19239000 r--p 0000c000 08:02 12585005                   /usr/lib/jvm/java-17-openjdk-amd64/lib/libjli.so
797d19239000-797d1923a000 r--p 0000f000 08:02 12585005                   /usr/lib/jvm/java-17-openjdk-amd64/lib/libjli.so
797d1923a000-797d1923b000 rw-p 00010000 08:02 12585005                   /usr/lib/jvm/java-17-openjdk-amd64/lib/libjli.so
797d1923b000-797d1923d000 r--p 00000000 08:02 11546490                   /usr/lib/x86_64-linux-gnu/libz.so.1.3
797d1923d000-797d1924f000 r-xp 00002000 08:02 11546490                   /usr/lib/x86_64-linux-gnu/libz.so.1.3
797d1924f000-797d19255000 r--p 00014000 08:02 11546490                   /usr/lib/x86_64-linux-gnu/libz.so.1.3
797d19255000-797d19256000 r--p 0001a000 08:02 11546490                   /usr/lib/x86_64-linux-gnu/libz.so.1.3
797d19256000-797d19257000 rw-p 0001b000 08:02 11546490                   /usr/lib/x86_64-linux-gnu/libz.so.1.3
797d19257000-797d19259000 r--p 00000000 08:02 12585012                   /usr/lib/jvm/java-17-openjdk-amd64/lib/libmanagement.so
797d19259000-797d1925a000 r-xp 00002000 08:02 12585012                   /usr/lib/jvm/java-17-openjdk-amd64/lib/libmanagement.so
797d1925a000-797d1925b000 r--p 00003000 08:02 12585012                   /usr/lib/jvm/java-17-openjdk-amd64/lib/libmanagement.so
797d1925b000-797d1925c000 r--p 00003000 08:02 12585012                   /usr/lib/jvm/java-17-openjdk-amd64/lib/libmanagement.so
797d1925c000-797d1925d000 rw-p 00004000 08:02 12585012                   /usr/lib/jvm/java-17-openjdk-amd64/lib/libmanagement.so
797d1925d000-797d1925e000 ---p 00000000 00:00 0 
797d1925e000-797d1925f000 r--p 00000000 00:00 0 
797d1925f000-797d19260000 ---p 00000000 00:00 0 
797d19260000-797d19262000 r--p 00000000 08:02 12585004                   /usr/lib/jvm/java-17-openjdk-amd64/lib/libjimage.so
797d19262000-797d19265000 r-xp 00002000 08:02 12585004                   /usr/lib/jvm/java-17-openjdk-amd64/lib/libjimage.so
797d19265000-797d19266000 r--p 00005000 08:02 12585004                   /usr/lib/jvm/java-17-openjdk-amd64/lib/libjimage.so
797d19266000-797d19267000 r--p 00006000 08:02 12585004                   /usr/lib/jvm/java-17-openjdk-amd64/lib/libjimage.so
797d19267000-797d19268000 rw-p 00007000 08:02 12585004                   /usr/lib/jvm/java-17-openjdk-amd64/lib/libjimage.so
797d19268000-797d1926a000 rw-p 00000000 00:00 0 
797d1926a000-797d1926c000 r--p 00000000 00:00 0                          [vvar]
797d1926c000-797d1926e000 r--p 00000000 00:00 0                          [vvar_vclock]
797d1926e000-797d19270000 r-xp 00000000 00:00 0                          [vdso]
797d19270000-797d19271000 r--p 00000000 08:02 11572573                   /usr/lib/x86_64-linux-gnu/ld-linux-x86-64.so.2
797d19271000-797d1929c000 r-xp 00001000 08:02 11572573                   /usr/lib/x86_64-linux-gnu/ld-linux-x86-64.so.2
797d1929c000-797d192a6000 r--p 0002c000 08:02 11572573                   /usr/lib/x86_64-linux-gnu/ld-linux-x86-64.so.2
797d192a6000-797d192a8000 r--p 00036000 08:02 11572573                   /usr/lib/x86_64-linux-gnu/ld-linux-x86-64.so.2
797d192a8000-797d192aa000 rw-p 00038000 08:02 11572573                   /usr/lib/x86_64-linux-gnu/ld-linux-x86-64.so.2
7ffde5380000-7ffde53a3000 rw-p 00000000 00:00 0                          [stack]
ffffffffff600000-ffffffffff601000 --xp 00000000 00:00 0                  [vsyscall]


VM Arguments:
jvm_args: -XX:TieredStopAtLevel=1 
java_command: com._Talent._blog.Application
java_class_path (initial): /home/lap/Desktop/01blog.tar/01blog.tar./01blog/01blog/target/classes:/home/lap/.m2/repository/ch/qos/logback/logback-classic/1.5.20/logback-classic-1.5.20.jar:/home/lap/.m2/repository/ch/qos/logback/logback-core/1.5.20/logback-core-1.5.20.jar:/home/lap/.m2/repository/org/apache/logging/log4j/log4j-to-slf4j/2.24.3/log4j-to-slf4j-2.24.3.jar:/home/lap/.m2/repository/org/apache/logging/log4j/log4j-api/2.24.3/log4j-api-2.24.3.jar:/home/lap/.m2/repository/org/slf4j/jul-to-slf4j/2.0.17/jul-to-slf4j-2.0.17.jar:/home/lap/.m2/repository/jakarta/annotation/jakarta.annotation-api/2.1.1/jakarta.annotation-api-2.1.1.jar:/home/lap/.m2/repository/org/yaml/snakeyaml/2.4/snakeyaml-2.4.jar:/home/lap/.m2/repository/com/zaxxer/HikariCP/6.3.3/HikariCP-6.3.3.jar:/home/lap/.m2/repository/org/springframework/spring-jdbc/6.2.12/spring-jdbc-6.2.12.jar:/home/lap/.m2/repository/org/hibernate/orm/hibernate-core/6.6.33.Final/hibernate-core-6.6.33.Final.jar:/home/lap/.m2/repository/jakarta/persistence/jakarta.persistence-api/3.1.0/jakarta.persistence-api-3.1.0.jar:/home/lap/.m2/repository/jakarta/transaction/jakarta.transaction-api/2.0.1/jakarta.transaction-api-2.0.1.jar:/home/lap/.m2/repository/org/jboss/logging/jboss-logging/3.6.1.Final/jboss-logging-3.6.1.Final.jar:/home/lap/.m2/repository/org/hibernate/common/hibernate-commons-annotations/7.0.3.Final/hibernate-commons-annotations-7.0.3.Final.jar:/home/lap/.m2/repository/io/smallrye/jandex/3.2.0/jandex-3.2.0.jar:/home/lap/.m2/repository/com/fasterxml/classmate/1.7.1/classmate-1.7.1.jar:/home/lap/.m2/repository/net/bytebuddy/byte-buddy/1.17.8/byte-buddy-1.17.8.jar:/home/lap/.m2/repository/org/glassfish/jaxb/jaxb-runtime/4.0.6/jaxb-runtime-4.0.6.jar:/home/lap/.m2/repository/org/glassfish/jaxb/jaxb-core/4.0.6/jaxb-core-4.0.6.jar:/home/lap/.m2/repository/org/glassfish/jaxb/txw2/4.0.6/txw2-4.0.6.jar:/home/lap/.m2/repository/com/sun/istack/istack-commons-runtime/4.1.2/istack-commons-runtime-4.1.2.jar:/home/lap/.m2/reposi
Launcher Type: SUN_STANDARD

[Global flags]
     intx CICompilerCount                          = 3                                         {product} {ergonomic}
     uint ConcGCThreads                            = 1                                         {product} {ergonomic}
     uint G1ConcRefinementThreads                  = 4                                         {product} {ergonomic}
   size_t G1HeapRegionSize                         = 1048576                                   {product} {ergonomic}
    uintx GCDrainStackTargetSize                   = 64                                        {product} {ergonomic}
   size_t InitialHeapSize                          = 130023424                                 {product} {ergonomic}
   size_t MarkStackSize                            = 4194304                                   {product} {ergonomic}
   size_t MaxHeapSize                              = 2057306112                                {product} {ergonomic}
   size_t MaxNewSize                               = 1234173952                                {product} {ergonomic}
   size_t MinHeapDeltaBytes                        = 1048576                                   {product} {ergonomic}
   size_t MinHeapSize                              = 8388608                                   {product} {ergonomic}
    uintx NonProfiledCodeHeapSize                  = 0                                      {pd product} {ergonomic}
     bool ProfileInterpreter                       = false                                  {pd product} {command line}
    uintx ProfiledCodeHeapSize                     = 0                                      {pd product} {ergonomic}
   size_t SoftMaxHeapSize                          = 2057306112                             {manageable} {ergonomic}
     intx TieredStopAtLevel                        = 1                                         {product} {command line}
     bool UseCompressedClassPointers               = true                           {product lp64_product} {ergonomic}
     bool UseCompressedOops                        = true                           {product lp64_product} {ergonomic}
     bool UseG1GC                                  = true                                      {product} {ergonomic}

Logging:
Log output configuration:
 #0: stdout all=warning uptime,level,tags
 #1: stderr all=off uptime,level,tags

Environment Variables:
PATH=/home/lap/.nvm/versions/node/v24.11.0/bin:/home/lap/.local/bin:/usr/local/sbin:/usr/local/bin:/usr/sbin:/usr/bin:/sbin:/bin:/usr/games:/usr/local/games:/snap/bin:/snap/bin:/home/lap/.local/bin:/home/lap/.local/bin
USERNAME=lap
SHELL=/bin/bash
DISPLAY=:0
LANG=en_US.UTF-8
TERM=xterm-256color

Active Locale:
LC_ALL=en_US.UTF-8
LC_COLLATE=en_US.UTF-8
LC_CTYPE=en_US.UTF-8
LC_MESSAGES=en_US.UTF-8
LC_MONETARY=en_US.UTF-8
LC_NUMERIC=en_US.UTF-8
LC_TIME=en_US.UTF-8

Signal Handlers:
   SIGSEGV: crash_handler in libjvm.so, mask=11100100010111111101111111111110, flags=SA_RESTART|SA_SIGINFO, unblocked
    SIGBUS: crash_handler in libjvm.so, mask=11100100010111111101111111111110, flags=SA_RESTART|SA_SIGINFO, unblocked
    SIGFPE: crash_handler in libjvm.so, mask=11100100010111111101111111111110, flags=SA_RESTART|SA_SIGINFO, unblocked
   SIGPIPE: javaSignalHandler in libjvm.so, mask=11100100010111111101111111111110, flags=SA_RESTART|SA_SIGINFO, blocked
   SIGXFSZ: javaSignalHandler in libjvm.so, mask=11100100010111111101111111111110, flags=SA_RESTART|SA_SIGINFO, blocked
    SIGILL: crash_handler in libjvm.so, mask=11100100010111111101111111111110, flags=SA_RESTART|SA_SIGINFO, unblocked
   SIGUSR2: SR_handler in libjvm.so, mask=00100000000000000000000000000000, flags=SA_RESTART|SA_SIGINFO, blocked
    SIGHUP: UserHandler in libjvm.so, mask=11100100010111111101111111111110, flags=SA_RESTART|SA_SIGINFO, blocked
    SIGINT: UserHandler in libjvm.so, mask=11100100010111111101111111111110, flags=SA_RESTART|SA_SIGINFO, blocked
   SIGTERM: UserHandler in libjvm.so, mask=11100100010111111101111111111110, flags=SA_RESTART|SA_SIGINFO, blocked
   SIGQUIT: UserHandler in libjvm.so, mask=11100100010111111101111111111110, flags=SA_RESTART|SA_SIGINFO, blocked
   SIGTRAP: crash_handler in libjvm.so, mask=11100100010111111101111111111110, flags=SA_RESTART|SA_SIGINFO, unblocked


Periodic native trim disabled


---------------  S Y S T E M  ---------------

OS:
DISTRIB_ID=Ubuntu
DISTRIB_RELEASE=24.04
DISTRIB_CODENAME=noble
DISTRIB_DESCRIPTION="Ubuntu 24.04.3 LTS"
uname: Linux 6.14.0-37-generic #37~24.04.1-Ubuntu SMP PREEMPT_DYNAMIC Thu Nov 20 10:25:38 UTC 2 x86_64
OS uptime: 3 days 1:14 hours
libc: glibc 2.39 NPTL 2.39 
rlimit (soft/hard): STACK 8192k/infinity , CORE 0k/infinity , NPROC 30765/30765 , NOFILE 1048576/1048576 , AS infinity/infinity , CPU infinity/infinity , DATA infinity/infinity , FSIZE infinity/infinity , MEMLOCK 1004480k/1004480k
load average: 1.43 0.97 1.06

/proc/meminfo:
MemTotal:        8035860 kB
MemFree:          391164 kB
MemAvailable:    1213792 kB
Buffers:           20484 kB
Cached:          1274388 kB
SwapCached:        32404 kB
Active:          3385940 kB
Inactive:        3012264 kB
Active(anon):    2935216 kB
Inactive(anon):  2391420 kB
Active(file):     450724 kB
Inactive(file):   620844 kB
Unevictable:      398576 kB
Mlocked:              32 kB
SwapTotal:       4194300 kB
SwapFree:         588628 kB
Zswap:                 0 kB
Zswapped:              0 kB
Dirty:              3560 kB
Writeback:             0 kB
AnonPages:       5473284 kB
Mapped:           494632 kB
Shmem:            638804 kB
KReclaimable:     243104 kB
Slab:             599196 kB
SReclaimable:     243104 kB
SUnreclaim:       356092 kB
KernelStack:       24528 kB
PageTables:        88248 kB
SecPageTables:      5680 kB
NFS_Unstable:          0 kB
Bounce:                0 kB
WritebackTmp:          0 kB
CommitLimit:     8212228 kB
Committed_AS:   25318472 kB
VmallocTotal:   34359738367 kB
VmallocUsed:       66476 kB
VmallocChunk:          0 kB
Percpu:             4624 kB
HardwareCorrupted:     0 kB
AnonHugePages:         0 kB
ShmemHugePages:    86016 kB
ShmemPmdMapped:        0 kB
FileHugePages:         0 kB
FilePmdMapped:         0 kB
Unaccepted:            0 kB
HugePages_Total:       0
HugePages_Free:        0
HugePages_Rsvd:        0
HugePages_Surp:        0
Hugepagesize:       2048 kB
Hugetlb:               0 kB
DirectMap4k:      345996 kB
DirectMap2M:     5849088 kB
DirectMap1G:     3145728 kB

/sys/kernel/mm/transparent_hugepage/enabled: always [madvise] never
/sys/kernel/mm/transparent_hugepage/hpage_pmd_size: 2097152
/sys/kernel/mm/transparent_hugepage/defrag (defrag/compaction efforts parameter): always defer defer+madvise [madvise] never

Process Memory:
Virtual Size: 5645988K (peak: 5645988K)
Resident Set Size: 423776K (peak: 599676K) (anon: 409612K, file: 14164K, shmem: 0K)
Swapped out: 32520K
C-Heap outstanding allocations: 66413K, retained: 63654K
glibc malloc tunables: (default)

/proc/sys/kernel/threads-max (system-wide limit on the number of threads): 61531
/proc/sys/vm/max_map_count (maximum number of memory map areas a process may have): 1048576
/proc/sys/vm/swappiness (control to define how aggressively the kernel swaps out anonymous memory): 60
/proc/sys/kernel/pid_max (system-wide limit on number of process identifiers): 4194304

container (cgroup) information:
container_type: cgroupv2
cpu_cpuset_cpus: not supported
cpu_memory_nodes: not supported
active_processor_count: 4
cpu_quota: not supported
cpu_period: not supported
cpu_shares: not supported
memory_limit_in_bytes: unlimited
memory_and_swap_limit_in_bytes: unlimited
memory_soft_limit_in_bytes: 0
memory_usage_in_bytes: 436292 k
memory_max_usage_in_bytes: not supported
rss_usage_in_bytes: 410648 k
cache_usage_in_bytes: 15792 k
memory_swap_current_in_bytes: 364680 k
memory_swap_max_limit_in_bytes: unlimited
maximum number of tasks: 9229
current number of tasks: 102

Steal ticks since vm start: 0
Steal ticks percentage since vm start:  0.000

CPU: total 4 (initial active 4) (2 cores per cpu, 2 threads per core) family 6 model 69 stepping 1 microcode 0x26, cx8, cmov, fxsr, ht, mmx, sse, sse2, sse3, ssse3, sse4.1, sse4.2, popcnt, lzcnt, tsc, tscinvbit, avx, avx2, aes, erms, clmul, bmi1, bmi2, fma, vzeroupper, clflush
CPU Model and flags from /proc/cpuinfo:
model name	: Intel(R) Core(TM) i5-4310U CPU @ 2.00GHz
flags		: fpu vme de pse tsc msr pae mce cx8 apic sep mtrr pge mca cmov pat pse36 clflush dts acpi mmx fxsr sse sse2 ss ht tm pbe syscall nx pdpe1gb rdtscp lm constant_tsc arch_perfmon pebs bts rep_good nopl xtopology nonstop_tsc cpuid aperfmperf pni pclmulqdq dtes64 monitor ds_cpl vmx smx est tm2 ssse3 sdbg fma cx16 xtpr pdcm pcid sse4_1 sse4_2 x2apic movbe popcnt tsc_deadline_timer aes xsave avx f16c rdrand lahf_lm abm cpuid_fault epb pti ssbd ibrs ibpb stibp tpr_shadow flexpriority ept vpid ept_ad fsgsbase tsc_adjust bmi1 avx2 smep bmi2 erms invpcid xsaveopt dtherm ida arat pln pts vnmi md_clear flush_l1d

Online cpus: 0-3
Offline cpus: 
BIOS frequency limitation: <Not Available>
Frequency switch latency (ns): 20000
Available cpu frequencies: <Not Available>
Current governor: schedutil
Core performance/turbo boost: <Not Available>

Memory: 4k page, physical 8035860k(391164k free), swap 4194300k(588988k free)
Page Sizes: 4k

vm_info: OpenJDK 64-Bit Server VM (17.0.18+8-Ubuntu-124.04.1) for linux-amd64 JRE (17.0.18+8-Ubuntu-124.04.1), built on Jan 29 2026 04:05:05 by "buildd" with gcc 13.3.0

END.
